PartyId,CollisionId,PartyNumber,PartyType,IsAtFault,IsOnDutyEmergencyVehicle,IsHitAndRun,AirbagCode,AirbagDescription,SafetyEquipmentCode,SafetyEquipmentDescription,Special Information,Other Associate Factor,Inattention,DirectionOfTravel,StreetOrHighwayName,SpeedLimit,MovementPrecCollCode,MovementPrecCollDescription,SobrietyDrugPhysicalCode1,SobrietyDrugPhysicalDescription1,SobrietyDrugPhysicalCode2,SobrietyDrugPhysicalDescription2,GenderCode,GenderDescription,StatedAge,DriverLicenseClass,DriverLicenseStateCode,RaceCode,RaceDesc,Vehicle1TypeId, Vehicle1TypeDesc, Vehicle1Year,Vehicle1Make,Vehicle1Model,Vehicle1Color,V1IsVehicleTowed,Vehicle2TypeId, Vehicle2TypeDesc, Vehicle2Year,Vehicle2Make,Vehicle2Model,Vehicle2Color,V2IsVehicleTowed,Lane,ThruLanes,TotalLanes,IsDREConducted
1340350,713356,1,Driver,True,False,False,M,AIR BAG NOT DEPLOYED,G,OCCUPANT LAP SHOULDER HARNESS USED,CELL PHONE NOT IN USE,NONE APPARENT,,N,SR-17,65.0,B,PROCEEDING STRAIGHT,A,HAD NOT BEEN DRINKING,,,M,MALE,37.0,C,CA,W,WHITE,1.0,PassengerCarStationWagonJeep,2009.0,BUIC,Lucerne,GRY,,,,,,,,,,,,
1340341,713351,2,Driver,,False,False,M,AIR BAG NOT DEPLOYED,G,OCCUPANT LAP SHOULDER HARNESS USED,CELL PHONE NOT IN USE,STOP & GO TRAFFIC,,N,US-101,65.0,H,SLOWING/STOPPING,A,HAD NOT BEEN DRINKING,,,M,MALE,28.0,C,CA,A,ASIAN,1.0,PassengerCarStationWagonJeep,2010.0,FORD,Fusion,GRY,,,,,,,,,,,,
1340340,713351,1,Driver,True,False,False,M,AIR BAG NOT DEPLOYED,G,OCCUPANT LAP SHOULDER HARNESS USED,CELL PHONE NOT IN USE,STOP & GO TRAFFIC,,N,US-101,65.0,B,PROCEEDING STRAIGHT,A,HAD NOT BEEN DRINKING,,,M,MALE,23.0,,,H,HISPANIC,1.0,PassengerCarStationWagonJeep,2005.0,CHEVY,Impala,GRY,,,,,,,,,,,,
1340310,713335,2,Driver,,False,False,M,AIR BAG NOT DEPLOYED,G,OCCUPANT LAP SHOULDER HARNESS USED,CELL PHONE NOT IN USE,NONE APPARENT,,S,I-880,65.0,B,PROCEEDING STRAIGHT,A,HAD NOT BEEN DRINKING,,,M,MALE,55.0,C,CA,W,WHITE,7.0,SportUtilityVehicle,2002.0,ACUR,MDX,BLK,,,,,,,,,,,,
1340309,713335,1,Driver,True,False,False,M,AIR BAG NOT DEPLOYED,G,OCCUPANT LAP SHOULDER HARNESS USED,CELL PHONE NOT IN USE,NONE APPARENT,,S,I-880,65.0,J,CHANGING LANES,A,HAD NOT BEEN DRINKING,,,F,FEMALE,49.0,C,CA,W,WHITE,1.0,PassengerCarStationWagonJeep,2014.0,DODG,Challenger,ORG,,,,,,,,,,,,
1340308,713334,2,Driver,,False,False,M,AIR BAG NOT DEPLOYED,G,OCCUPANT LAP SHOULDER HARNESS USED,CELL PHONE NOT IN USE,NONE APPARENT,,S,I-280,65.0,B,PROCEEDING STRAIGHT,A,HAD NOT BEEN DRINKING,,,F,FEMALE,56.0,C,CA,W,WHITE,1.0,PassengerCarStationWagonJeep,2012.0,CHEV,CRUZE,BLU,,,,,,,,,,,,
1340307,713334,1,Driver,,False,False,M,AIR BAG NOT DEPLOYED,G,OCCUPANT LAP SHOULDER HARNESS USED,CELL PHONE NOT IN USE,NONE APPARENT,,S,I-280,65.0,B,PROCEEDING STRAIGHT,A,HAD NOT BEEN DRINKING,,,M,MALE,45.0,A,CA,H,HISPANIC,26.0,TwoAxleTruck,2000.0,KENW,TRACTOR,YEL,,32.0,PullTrailer,1989.0,WESC,TRAILER,GRN,,,,,
1340136,713242,2,Driver,,False,False,M,AIR BAG NOT DEPLOYED,G,OCCUPANT LAP SHOULDER HARNESS USED,CELL PHONE NOT IN USE,NONE APPARENT,,S,US-101,65.0,B,PROCEEDING STRAIGHT,A,HAD NOT BEEN DRINKING,,,M,MALE,51.0,C,CA,H,HISPANIC,22.0,PickupsAndPanels,2011.0,FORD,Ranger,WHI,,,,,,,,,,,,
1340135,713242,1,Driver,True,False,False,L,AIR BAG DEPLOYED,G,OCCUPANT LAP SHOULDER HARNESS USED,CELL PHONE NOT IN USE,NONE APPARENT,,S,US-101,65.0,B,PROCEEDING STRAIGHT,A,HAD NOT BEEN DRINKING,,,M,MALE,20.0,C,CA,W,WHITE,1.0,PassengerCarStationWagonJeep,2018.0,CHEV,Impala,BLK/ ,,,,,,,,,,,,
1340003,713173,2,Driver,,False,False,M,AIR BAG NOT DEPLOYED,G,OCCUPANT LAP SHOULDER HARNESS USED,CELL PHONE NOT IN USE,ENTERING OR LEAVING RAMP,,S,I-680,65.0,B,PROCEEDING STRAIGHT,A,HAD NOT BEEN DRINKING,,,M,MALE,40.0,C,CA,W,WHITE,1.0,PassengerCarStationWagonJeep,2017.0,CHEV,CRUZE,WHT,,,,,,,,,,,,
1340002,713173,1,Pedestrian,True,False,False,P,NOT REQUIRED,P,NOT REQUIRED,CELL PHONE NOT IN USE,ENTERING OR LEAVING RAMP,,E,I-680,65.0,,,G,IMPAIRMENT_NOT_KNOWN,,,M,MALE,41.0,,,O,OTHER,60.0,Pedestrian,,,,,,,,,,,,,,,,
1339810,713071,2,Driver,,False,False,M,AIR BAG NOT DEPLOYED,G,OCCUPANT LAP SHOULDER HARNESS USED,CELL PHONE NOT IN USE,STOP & GO TRAFFIC,,N,I-880,65.0,A,STOPPED,A,HAD NOT BEEN DRINKING,,,M,MALE,40.0,F,UT,W,WHITE,1.0,PassengerCarStationWagonJeep,2015.0,TOYOTA,Prius,BLK,,,,,,,,,,,,
1339809,713071,1,Driver,True,False,False,M,AIR BAG NOT DEPLOYED,G,OCCUPANT LAP SHOULDER HARNESS USED,CELL PHONE NOT IN USE,STOP & GO TRAFFIC,,N,I-880,65.0,B,PROCEEDING STRAIGHT,A,HAD NOT BEEN DRINKING,,,M,MALE,48.0,C,CA,A,ASIAN,7.0,SportUtilityVehicle,2000.0,LEXU,RX300,GLD,,,,,,,,,,,,
1339767,713049,2,Driver,,False,False,M,AIR BAG NOT DEPLOYED,G,OCCUPANT LAP SHOULDER HARNESS USED,CELL PHONE NOT IN USE,NONE APPARENT,,S,I-880,65.0,B,PROCEEDING STRAIGHT,A,HAD NOT BEEN DRINKING,,,M,MALE,29.0,C,CA,O,OTHER,1.0,PassengerCarStationWagonJeep,2015.0,HYUN,Sonata,BLK,,,,,,,,,,,,
1339766,713049,1,Driver,True,False,True,B,UNKNOWN,B,OCCUPANT UNKNOWN,CELL PHONE NOT IN USE,NONE APPARENT,,S,I-880,65.0,J,CHANGING LANES,G,IMPAIRMENT_NOT_KNOWN,,,,,,,,,,99.0,OtherUnknownHitAndRunDriver,,,,,,,,,,,,,,,,
1339729,713033,2,Driver,,False,False,M,AIR BAG NOT DEPLOYED,G,OCCUPANT LAP SHOULDER HARNESS USED,CELL PHONE NOT IN USE,NONE APPARENT,,S,I-880,65.0,B,PROCEEDING STRAIGHT,A,HAD NOT BEEN DRINKING,,,F,FEMALE,51.0,C,CA,W,WHITE,1.0,PassengerCarStationWagonJeep,2016.0,TOYT,Corolla,SL,,,,,,,,,,,,
1339728,713033,1,Driver,True,False,False,M,AIR BAG NOT DEPLOYED,G,OCCUPANT LAP SHOULDER HARNESS USED,CELL PHONE NOT IN USE,NONE APPARENT,,S,I-880,65.0,J,CHANGING LANES,A,HAD NOT BEEN DRINKING,,,M,MALE,28.0,C,CA,H,HISPANIC,1.0,PassengerCarStationWagonJeep,2018.0,SUBA,Impreza,SLV,,,,,,,,,,,,
1339718,713029,2,Driver,,False,False,M,AIR BAG NOT DEPLOYED,G,OCCUPANT LAP SHOULDER HARNESS USED,CELL PHONE NOT IN USE,NONE APPARENT,,S,I-880,65.0,B,PROCEEDING STRAIGHT,A,HAD NOT BEEN DRINKING,,,F,FEMALE,31.0,C,CA,W,WHITE,1.0,PassengerCarStationWagonJeep,2014.0,MAZDA,three,BLU,,,,,,,,,,,,
1339717,713029,1,Driver,,False,False,M,AIR BAG NOT DEPLOYED,G,OCCUPANT LAP SHOULDER HARNESS USED,CELL PHONE NOT IN USE,NONE APPARENT,,S,I-880,65.0,J,CHANGING LANES,A,HAD NOT BEEN DRINKING,,,F,FEMALE,35.0,C,CA,H,HISPANIC,1.0,PassengerCarStationWagonJeep,2012.0,HYUN,Sonata,RED,,,,,,,,,,,,
1339633,712987,1,Driver,True,False,True,B,UNKNOWN,B,OCCUPANT UNKNOWN,CELL PHONE NOT IN USE,NONE APPARENT,,N,US-101 N/B ,65.0,R,OTHER,G,IMPAIRMENT_NOT_KNOWN,,,,,,,,,,1.0,PassengerCarStationWagonJeep,2000.0,HONDA,Civic,BLK,,,,,,,,,,,,
1339583,712965,2,Driver,,False,False,M,AIR BAG NOT DEPLOYED,G,OCCUPANT LAP SHOULDER HARNESS USED,CELL PHONE NOT IN USE,NONE APPARENT,,N,I-680,65.0,H,SLOWING/STOPPING,A,HAD NOT BEEN DRINKING,,,M,MALE,22.0,C,CA,O,OTHER,8.0,MiniVan,2001.0,NISS,Quest,TAN,,,,,,,,,,,,
1339582,712965,1,Driver,True,False,False,M,AIR BAG NOT DEPLOYED,G,OCCUPANT LAP SHOULDER HARNESS USED,CELL PHONE NOT IN USE,NONE APPARENT,,N,I-680,65.0,B,PROCEEDING STRAIGHT,A,HAD NOT BEEN DRINKING,,,F,FEMALE,37.0,C,CA,H,HISPANIC,1.0,PassengerCarStationWagonJeep,2016.0,HYUN,Elantra,WHI,,,,,,,,,,,,
1339539,712949,3,Driver,,False,False,M,AIR BAG NOT DEPLOYED,G,OCCUPANT LAP SHOULDER HARNESS USED,CELL PHONE NOT IN USE,NONE APPARENT,,S,I-280,65.0,B,PROCEEDING STRAIGHT,A,HAD NOT BEEN DRINKING,,,F,FEMALE,25.0,C,CA,H,HISPANIC,1.0,PassengerCarStationWagonJeep,1997.0,TOYT,Camry,GRN,,,,,,,,,,,,
1339538,712949,2,Driver,,False,False,M,AIR BAG NOT DEPLOYED,G,OCCUPANT LAP SHOULDER HARNESS USED,CELL PHONE NOT IN USE,NONE APPARENT,,S,I-280,65.0,B,PROCEEDING STRAIGHT,A,HAD NOT BEEN DRINKING,,,M,MALE,,C,CA,W,WHITE,22.0,PickupsAndPanels,2017.0,FORD,F350,SIL,,,,,,,,,,,,
1339537,712949,1,Driver,True,False,False,M,AIR BAG NOT DEPLOYED,G,OCCUPANT LAP SHOULDER HARNESS USED,CELL PHONE NOT IN USE,NONE APPARENT,,S,I-280,65.0,R,OTHER,A,HAD NOT BEEN DRINKING,,,M,MALE,57.0,C,CA,W,WHITE,1.0,PassengerCarStationWagonJeep,2016.0,TOYT,Camry,SIL,,,,,,,,,,,,
1360322,724045,3,Driver,,False,False,M,AIR BAG NOT DEPLOYED,G,OCCUPANT LAP SHOULDER HARNESS USED,CELL PHONE NOT IN USE,NONE APPARENT,,N,SR-87,65.0,B,PROCEEDING STRAIGHT,A,HAD NOT BEEN DRINKING,,,M,MALE,43.0,C,CA,O,OTHER,1.0,PassengerCarStationWagonJeep,2015.0,MAZD,3 Litre,BLK,,,,,,,,,,,,
1360321,724045,2,Driver,,False,False,P,NOT REQUIRED,W,MOTOR BICYCLE DRIVER WITH HELMET,CELL PHONE NOT IN USE,NONE APPARENT,,N,SR-87,65.0,B,PROCEEDING STRAIGHT,A,HAD NOT BEEN DRINKING,,,M,MALE,37.0,U,CA,W,WHITE,2.0,Motorcycle,2009.0,HD,CROSSBONES,BLK,,,,,,,,,,,,
1360320,724045,1,Driver,True,False,False,M,AIR BAG NOT DEPLOYED,G,OCCUPANT LAP SHOULDER HARNESS USED,CELL PHONE NOT IN USE,NONE APPARENT,,N,SR-87,65.0,J,CHANGING LANES,A,HAD NOT BEEN DRINKING,,,M,MALE,24.0,C,CA,H,HISPANIC,1.0,PassengerCarStationWagonJeep,2002.0,FORD,Taurus,WHI,,,,,,,,,,,,
1360274,724024,5,Driver,,False,False,L,AIR BAG DEPLOYED,G,OCCUPANT LAP SHOULDER HARNESS USED,CELL PHONE NOT IN USE,NONE APPARENT,,N,SR-87,65.0,B,PROCEEDING STRAIGHT,A,HAD NOT BEEN DRINKING,,,F,FEMALE,25.0,U,CA,W,WHITE,1.0,PassengerCarStationWagonJeep,2000.0,HONDA,Accord,WHT,,,,,,,,,,,,
1360273,724024,4,Driver,,False,False,M,AIR BAG NOT DEPLOYED,G,OCCUPANT LAP SHOULDER HARNESS USED,CELL PHONE NOT IN USE,NONE APPARENT,,N,SR-87,65.0,B,PROCEEDING STRAIGHT,A,HAD NOT BEEN DRINKING,,,M,MALE,26.0,C,CA,W,WHITE,7.0,SportUtilityVehicle,2002.0,DODG,Durango,BLU,,,,,,,,,,,,
1360272,724024,3,Driver,,False,False,L,AIR BAG DEPLOYED,G,OCCUPANT LAP SHOULDER HARNESS USED,CELL PHONE NOT IN USE,NONE APPARENT,,N,SR-87,65.0,B,PROCEEDING STRAIGHT,A,HAD NOT BEEN DRINKING,,,F,FEMALE,26.0,C,CA,W,WHITE,7.0,SportUtilityVehicle,2008.0,JEEP,Cherokee,TAN,,,,,,,,,,,,
1360271,724024,2,Driver,,False,False,L,AIR BAG DEPLOYED,G,OCCUPANT LAP SHOULDER HARNESS USED,CELL PHONE NOT IN USE,NONE APPARENT,,N,SR-87,65.0,H,SLOWING/STOPPING,A,HAD NOT BEEN DRINKING,,,F,FEMALE,44.0,C,CA,H,HISPANIC,1.0,PassengerCarStationWagonJeep,2014.0,TOYT,Prius,WHT,,,,,,,,,,,,
1360270,724024,1,Driver,True,False,False,M,AIR BAG NOT DEPLOYED,G,OCCUPANT LAP SHOULDER HARNESS USED,CELL PHONE NOT IN USE,NONE APPARENT,,N,SR-87,65.0,B,PROCEEDING STRAIGHT,A,HAD NOT BEEN DRINKING,,,F,FEMALE,43.0,C,CA,H,HISPANIC,1.0,PassengerCarStationWagonJeep,2004.0,KIA,Amanti,SIL,,,,,,,,,,,,
1360227,724000,2,Driver,,False,False,M,AIR BAG NOT DEPLOYED,G,OCCUPANT LAP SHOULDER HARNESS USED,CELL PHONE NOT IN USE,STOP & GO TRAFFIC,,S,US101,65.0,H,SLOWING/STOPPING,A,HAD NOT BEEN DRINKING,,,F,FEMALE,56.0,C,CA,A,ASIAN,1.0,PassengerCarStationWagonJeep,1998.0,TOYT,Corolla,GLD,,,,,,,,,,,,
1360226,724000,1,Driver,True,False,False,L,AIR BAG DEPLOYED,G,OCCUPANT LAP SHOULDER HARNESS USED,CELL PHONE NOT IN USE,STOP & GO TRAFFIC,,S,US101,65.0,B,PROCEEDING STRAIGHT,A,HAD NOT BEEN DRINKING,,,M,MALE,59.0,,,H,HISPANIC,1.0,PassengerCarStationWagonJeep,1996.0,HOND,Accord,GRN,,,,,,,,,,,,
1359970,723874,2,Driver,,False,False,M,AIR BAG NOT DEPLOYED,G,OCCUPANT LAP SHOULDER HARNESS USED,CELL PHONE NOT IN USE,STOP & GO TRAFFIC,,S,I-880,65.0,H,SLOWING/STOPPING,A,HAD NOT BEEN DRINKING,,,F,FEMALE,22.0,C,CA,O,OTHER,1.0,PassengerCarStationWagonJeep,2017.0,FORD,Mustang,GRY,,,,,,,,,,,,
1359969,723874,1,Driver,True,False,False,M,AIR BAG NOT DEPLOYED,G,OCCUPANT LAP SHOULDER HARNESS USED,CELL PHONE NOT IN USE,STOP & GO TRAFFIC,,S,I-880,65.0,B,PROCEEDING STRAIGHT,A,HAD NOT BEEN DRINKING,,,M,MALE,19.0,C,CA,W,WHITE,7.0,SportUtilityVehicle,2003.0,MAZD,Tribute,RED,,,,,,,,,,,,
1359846,723815,2,Driver,,False,False,M,AIR BAG NOT DEPLOYED,G,OCCUPANT LAP SHOULDER HARNESS USED,CELL PHONE NOT IN USE,NONE APPARENT,,S,I-680,65.0,B,PROCEEDING STRAIGHT,A,HAD NOT BEEN DRINKING,,,M,MALE,60.0,C,CA,A,ASIAN,1.0,PassengerCarStationWagonJeep,1993.0,BMW,325i,GRY,,,,,,,,,,,,
1359845,723815,1,Driver,True,False,False,M,AIR BAG NOT DEPLOYED,G,OCCUPANT LAP SHOULDER HARNESS USED,CELL PHONE NOT IN USE,NONE APPARENT,,S,I-680,65.0,B,PROCEEDING STRAIGHT,A,HAD NOT BEEN DRINKING,,,M,MALE,,C,CA,B,BLACK,1.0,PassengerCarStationWagonJeep,2018.0,DODG,Challenger,BLK,,,,,,,,,,,,
1359372,723573,2,Driver,,False,False,M,AIR BAG NOT DEPLOYED,G,OCCUPANT LAP SHOULDER HARNESS USED,CELL PHONE NOT IN USE,NONE APPARENT,,N,I-880,65.0,B,PROCEEDING STRAIGHT,A,HAD NOT BEEN DRINKING,,,M,MALE,55.0,C,CA,W,WHITE,1.0,PassengerCarStationWagonJeep,2006.0,SUBA,FORESTER,BLK,,,,,,,,,,,,
1359371,723573,1,Driver,True,False,False,M,AIR BAG NOT DEPLOYED,G,OCCUPANT LAP SHOULDER HARNESS USED,CELL PHONE NOT IN USE,NONE APPARENT,,N,I-880,65.0,J,CHANGING LANES,A,HAD NOT BEEN DRINKING,,,M,MALE,43.0,C,CA,W,WHITE,1.0,PassengerCarStationWagonJeep,2011.0,MERZ,300,SIL,,,,,,,,,,,,
1359308,723541,2,Driver,,False,False,M,AIR BAG NOT DEPLOYED,G,OCCUPANT LAP SHOULDER HARNESS USED,CELL PHONE NOT IN USE,NONE APPARENT,,N,I-280,65.0,B,PROCEEDING STRAIGHT,A,HAD NOT BEEN DRINKING,,,F,FEMALE,58.0,C,CA,O,OTHER,1.0,PassengerCarStationWagonJeep,2015.0,NISS,Altima,RED,,,,,,,,,,,,
1359307,723541,1,Driver,True,False,False,M,AIR BAG NOT DEPLOYED,G,OCCUPANT LAP SHOULDER HARNESS USED,CELL PHONE NOT IN USE,NONE APPARENT,,N,I-280,65.0,R,OTHER,A,HAD NOT BEEN DRINKING,,,F,FEMALE,39.0,C,CA,H,HISPANIC,22.0,PickupsAndPanels,2008.0,FORD,Ranger,WHI,,,,,,,,,,,,
1358527,723152,2,Driver,,False,False,M,AIR BAG NOT DEPLOYED,G,OCCUPANT LAP SHOULDER HARNESS USED,CELL PHONE NOT IN USE,NONE APPARENT,,W,SR-237,65.0,H,SLOWING/STOPPING,A,HAD NOT BEEN DRINKING,,,F,FEMALE,25.0,F,IT,A,ASIAN,1.0,PassengerCarStationWagonJeep,2013.0,HYUN,Sonata,MRN,,,,,,,,,,,,
1358526,723152,1,Driver,True,False,False,M,AIR BAG NOT DEPLOYED,G,OCCUPANT LAP SHOULDER HARNESS USED,CELL PHONE NOT IN USE,NONE APPARENT,,W,SR-237,65.0,B,PROCEEDING STRAIGHT,A,HAD NOT BEEN DRINKING,,,F,FEMALE,28.0,C,CA,A,ASIAN,1.0,PassengerCarStationWagonJeep,2017.0,HOND,Civic,WHI,,,,,,,,,,,,
1358489,723133,2,Driver,,False,False,M,AIR BAG NOT DEPLOYED,G,OCCUPANT LAP SHOULDER HARNESS USED,CELL PHONE NOT IN USE,NONE APPARENT,,S,I-880,65.0,B,PROCEEDING STRAIGHT,A,HAD NOT BEEN DRINKING,,,M,MALE,27.0,U,CA,O,OTHER,1.0,PassengerCarStationWagonJeep,2017.0,HYUN,Elantra,WHT,,,,,,,,,,,,
1358488,723133,1,Driver,True,False,False,M,AIR BAG NOT DEPLOYED,G,OCCUPANT LAP SHOULDER HARNESS USED,CELL PHONE NOT IN USE,NONE APPARENT,,S,I-880,65.0,J,CHANGING LANES,A,HAD NOT BEEN DRINKING,,,M,MALE,26.0,M,CA,O,OTHER,1.0,PassengerCarStationWagonJeep,2008.0,MITS,Eclipse,ORG,,,,,,,,,,,,
1358473,723125,3,Driver,,False,False,M,AIR BAG NOT DEPLOYED,G,OCCUPANT LAP SHOULDER HARNESS USED,CELL PHONE NOT IN USE,NONE APPARENT,,N,I-880,65.0,A,STOPPED,A,HAD NOT BEEN DRINKING,,,M,MALE,41.0,C,CA,O,OTHER,8.0,MiniVan,2006.0,TOYT,Sienna,WHI,,,,,,,,,,,,
1358472,723125,2,Driver,,False,False,M,AIR BAG NOT DEPLOYED,G,OCCUPANT LAP SHOULDER HARNESS USED,CELL PHONE NOT IN USE,NONE APPARENT,,N,I-880,65.0,A,STOPPED,A,HAD NOT BEEN DRINKING,,,M,MALE,58.0,C,CA,A,ASIAN,7.0,SportUtilityVehicle,2017.0,TOYT,RAV4,GRY,,,,,,,,,,,,
1358471,723125,1,Driver,True,False,False,M,AIR BAG NOT DEPLOYED,G,OCCUPANT LAP SHOULDER HARNESS USED,CELL PHONE NOT IN USE,NONE APPARENT,,N,I-880,65.0,B,PROCEEDING STRAIGHT,A,HAD NOT BEEN DRINKING,,,M,MALE,49.0,C,CA,A,ASIAN,1.0,PassengerCarStationWagonJeep,2008.0,LEXUS,IS-250,GRY,,,,,,,,,,,,
1358339,723061,3,Driver,,False,False,M,AIR BAG NOT DEPLOYED,G,OCCUPANT LAP SHOULDER HARNESS USED,CELL PHONE NOT IN USE,NONE APPARENT,,N,SR-85,65.0,A,STOPPED,A,HAD NOT BEEN DRINKING,,,M,MALE,30.0,C,CA,A,ASIAN,1.0,PassengerCarStationWagonJeep,2016.0,HOND,Fit,WHI,,,,,,,,,,,,
1358338,723061,2,Driver,,False,False,M,AIR BAG NOT DEPLOYED,G,OCCUPANT LAP SHOULDER HARNESS USED,CELL PHONE NOT IN USE,NONE APPARENT,,N,SR-85,65.0,A,STOPPED,A,HAD NOT BEEN DRINKING,,,F,FEMALE,18.0,C,CA,A,ASIAN,1.0,PassengerCarStationWagonJeep,2013.0,KIA,Optima,TAN,,,,,,,,,,,,
1358337,723061,1,Driver,True,False,False,L,AIR BAG DEPLOYED,G,OCCUPANT LAP SHOULDER HARNESS USED,CELL PHONE NOT IN USE,NONE APPARENT,,N,SR-85,65.0,B,PROCEEDING STRAIGHT,A,HAD NOT BEEN DRINKING,,,F,FEMALE,19.0,C,CA,W,WHITE,1.0,PassengerCarStationWagonJeep,2014.0,MAZD,Mazda3,RED,,,,,,,,,,,,
1358314,723048,2,Driver,,False,False,M,AIR BAG NOT DEPLOYED,G,OCCUPANT LAP SHOULDER HARNESS USED,CELL PHONE NOT IN USE,NONE APPARENT,,S,I-280,65.0,B,PROCEEDING STRAIGHT,A,HAD NOT BEEN DRINKING,,,M,MALE,48.0,C,CA,H,HISPANIC,7.0,SportUtilityVehicle,2015.0,HONDA,CR-V,WHI,,,,,,,,,,,,
1358313,723048,1,Driver,True,False,True,B,UNKNOWN,B,OCCUPANT UNKNOWN,CELL PHONE NOT IN USE,NONE APPARENT,,S,I-280,65.0,B,PROCEEDING STRAIGHT,G,IMPAIRMENT_NOT_KNOWN,,,,,,,,,,99.0,OtherUnknownHitAndRunDriver,,,,,,,,,,,,,,,,
1358236,723006,2,Driver,,False,False,M,AIR BAG NOT DEPLOYED,G,OCCUPANT LAP SHOULDER HARNESS USED,CELL PHONE NOT IN USE,NONE APPARENT,,N,US-101,65.0,H,SLOWING/STOPPING,A,HAD NOT BEEN DRINKING,,,M,MALE,33.0,C,CA,A,ASIAN,7.0,SportUtilityVehicle,2016.0,TOYT,RAV4,WHI,,,,,,,,,,,,
1358235,723006,1,Driver,True,False,False,M,AIR BAG NOT DEPLOYED,G,OCCUPANT LAP SHOULDER HARNESS USED,CELL PHONE NOT IN USE,NONE APPARENT,,N,US-101,65.0,B,PROCEEDING STRAIGHT,A,HAD NOT BEEN DRINKING,,,F,FEMALE,17.0,C,CA,W,WHITE,7.0,SportUtilityVehicle,2008.0,VOLV,XC90,BLK,,,,,,,,,,,,
1358101,722935,1,Driver,True,False,True,P,NOT REQUIRED,P,NOT REQUIRED,CELL PHONE NOT IN USE,NONE APPARENT,,S,US 101,65.0,R,OTHER,G,IMPAIRMENT_NOT_KNOWN,,,,,,,,,,1.0,PassengerCarStationWagonJeep,2001.0,HOND,Civic,GRY,,,,,,,,,,,,
1358089,722927,2,Driver,,False,False,M,AIR BAG NOT DEPLOYED,G,OCCUPANT LAP SHOULDER HARNESS USED,CELL PHONE NOT IN USE,NONE APPARENT,,S,US 101,65.0,B,PROCEEDING STRAIGHT,A,HAD NOT BEEN DRINKING,,,M,MALE,18.0,C,CA,H,HISPANIC,1.0,PassengerCarStationWagonJeep,2014.0,BMW,328i GT,BLU,,,,,,,,,,,,
1358088,722927,1,Driver,True,False,False,M,AIR BAG NOT DEPLOYED,G,OCCUPANT LAP SHOULDER HARNESS USED,CELL PHONE NOT IN USE,NONE APPARENT,,S,US 101,65.0,J,CHANGING LANES,A,HAD NOT BEEN DRINKING,,,M,MALE,23.0,C,CA,H,HISPANIC,55.0,TwoAxleTowTruck,2016.0,PTRB,330      ,BLU,,,,,,,,,,,,
1357827,722802,3,Driver,,False,False,M,AIR BAG NOT DEPLOYED,G,OCCUPANT LAP SHOULDER HARNESS USED,CELL PHONE NOT IN USE,NONE APPARENT,,N,US101,65.0,H,SLOWING/STOPPING,A,HAD NOT BEEN DRINKING,,,M,MALE,44.0,C,CA,H,HISPANIC,22.0,PickupsAndPanels,2008.0,HOND,Ridgeline,SIL,,,,,,,,,,,,
1357826,722802,2,Driver,,False,False,M,AIR BAG NOT DEPLOYED,G,OCCUPANT LAP SHOULDER HARNESS USED,CELL PHONE NOT IN USE,NONE APPARENT,,N,US101,65.0,H,SLOWING/STOPPING,A,HAD NOT BEEN DRINKING,,,F,FEMALE,43.0,C,CA,A,ASIAN,1.0,PassengerCarStationWagonJeep,2015.0,NISSAN,LEAF,SIL,,,,,,,,,,,,
1357825,722802,1,Driver,True,False,False,M,AIR BAG NOT DEPLOYED,G,OCCUPANT LAP SHOULDER HARNESS USED,CELL PHONE NOT IN USE,NONE APPARENT,,N,US101,65.0,B,PROCEEDING STRAIGHT,A,HAD NOT BEEN DRINKING,,,M,MALE,26.0,C,CA,W,WHITE,1.0,PassengerCarStationWagonJeep,2014.0,CHEV,VOLT,WHI,,,,,,,,,,,,
1357727,722750,2,Driver,,False,False,M,AIR BAG NOT DEPLOYED,G,OCCUPANT LAP SHOULDER HARNESS USED,CELL PHONE NOT IN USE,NONE APPARENT,,N,I-880,65.0,B,PROCEEDING STRAIGHT,A,HAD NOT BEEN DRINKING,,,F,FEMALE,69.0,C,CA,W,WHITE,1.0,PassengerCarStationWagonJeep,2003.0,FORD,Taurus,SIL,,,,,,,,,,,,
1357726,722750,1,Driver,True,False,False,M,AIR BAG NOT DEPLOYED,G,OCCUPANT LAP SHOULDER HARNESS USED,CELL PHONE NOT IN USE,NONE APPARENT,,N,I-880,65.0,J,CHANGING LANES,A,HAD NOT BEEN DRINKING,,,M,MALE,39.0,C,CA,O,OTHER,1.0,PassengerCarStationWagonJeep,2016.0,MINI,Cooper,WHI,,,,,,,,,,,,
1357560,722669,1,Driver,True,False,False,L,AIR BAG DEPLOYED,G,OCCUPANT LAP SHOULDER HARNESS USED,CELL PHONE NOT IN USE,VC SECTION VIOLATED - 22350 / ENTERING OR LEAVING RAMP,,S,I-280,65.0,B,PROCEEDING STRAIGHT,B,HBD-UNDER INFLUENCE,,,M,MALE,45.0,C,CA,B,BLACK,7.0,SportUtilityVehicle,2019.0,FORD,Explorer,BLK,,,,,,,,,,,,