PartyId,CollisionId,PartyNumber,PartyType,IsAtFault,IsOnDutyEmergencyVehicle,IsHitAndRun,AirbagCode,AirbagDescription,SafetyEquipmentCode,SafetyEquipmentDescription,Special Information,Other Associate Factor,Inattention,DirectionOfTravel,StreetOrHighwayName,SpeedLimit,MovementPrecCollCode,MovementPrecCollDescription,SobrietyDrugPhysicalCode1,SobrietyDrugPhysicalDescription1,SobrietyDrugPhysicalCode2,SobrietyDrugPhysicalDescription2,GenderCode,GenderDescription,StatedAge,DriverLicenseClass,DriverLicenseStateCode,RaceCode,RaceDesc,Vehicle1TypeId, Vehicle1TypeDesc, Vehicle1Year,Vehicle1Make,Vehicle1Model,Vehicle1Color,V1IsVehicleTowed,Vehicle2TypeId, Vehicle2TypeDesc, Vehicle2Year,Vehicle2Make,Vehicle2Model,Vehicle2Color,V2IsVehicleTowed,Lane,ThruLanes,TotalLanes,IsDREConducted
1355245,721491,2,Driver,,False,False,M,AIR BAG NOT DEPLOYED,G,OCCUPANT LAP SHOULDER HARNESS USED,CELL PHONE NOT IN USE,NONE APPARENT,,N,I-280,65.0,J,CHANGING LANES,A,HAD NOT BEEN DRINKING,,,F,FEMALE,34.0,C,CA,H,HISPANIC,1.0,PassengerCarStationWagonJeep,2017.0,CHEVY,VOLT,WHI,,,,,,,,,,,,
1355244,721491,1,Driver,,False,False,M,AIR BAG NOT DEPLOYED,G,OCCUPANT LAP SHOULDER HARNESS USED,CELL PHONE NOT IN USE,NONE APPARENT,,N,I-280,65.0,M,OTHER UNSAFE TURNING,A,HAD NOT BEEN DRINKING,,,M,MALE,45.0,C,CA,H,HISPANIC,22.0,PickupsAndPanels,2011.0,TOYT,Tacoma,BLK,,,,,,,,,,,,
1355208,721473,2,ParkedVehicle,,False,,,,,,CELL PHONE NOT IN USE,NONE APPARENT,,S,34TH STREET,25.0,O,PARKED,H,NOT APPLICABLE,,,,,,,,,,1.0,PassengerCarStationWagonJeep,2005.0,TOYO,Avalon,BRN,,,,,,,,,,,,
1355207,721473,1,Driver,True,False,False,M,AIR BAG NOT DEPLOYED,G,OCCUPANT LAP SHOULDER HARNESS USED,CELL PHONE NOT IN USE / CELL PHONE USE UNKNOWN,NONE APPARENT,,S,34TH STRE,25.0,R,OTHER,A,HAD NOT BEEN DRINKING,,,F,FEMALE,45.0,B,CA,W,WHITE,13.0,SchoolBusPublicTypeI,2017.0,THOMAS,C-2,YEL,,,,,,,,,,,,
1355173,721455,1,Driver,True,False,False,P,NOT REQUIRED,W,MOTOR BICYCLE DRIVER WITH HELMET,CELL PHONE NOT IN USE,NONE APPARENT,,N,US-101,65.0,R,OTHER,A,HAD NOT BEEN DRINKING,,,M,MALE,44.0,M,CA,A,ASIAN,2.0,Motorcycle,2015.0,YAMA,BOLT,BLK,,,,,,,,,,,,
1355032,721386,2,Driver,,False,False,P,NOT REQUIRED,G,OCCUPANT LAP SHOULDER HARNESS USED,CELL PHONE NOT IN USE,NONE APPARENT,,N,I-680,65.0,B,PROCEEDING STRAIGHT,A,HAD NOT BEEN DRINKING,,,M,MALE,42.0,A,CA,W,WHITE,26.0,TwoAxleTruck,2005.0,INTL,440 Series,WHT,,,,,,,,,,,,
1355031,721386,1,Driver,True,False,False,M,AIR BAG NOT DEPLOYED,G,OCCUPANT LAP SHOULDER HARNESS USED,CELL PHONE NOT IN USE,NONE APPARENT,,N,I-680,65.0,H,SLOWING/STOPPING,A,HAD NOT BEEN DRINKING,,,M,MALE,23.0,C,CA,B,BLACK,1.0,PassengerCarStationWagonJeep,2014.0,TOYT,Prius,SIL,,,,,,,,,,,,
1355022,721380,2,Driver,,False,False,P,NOT REQUIRED,G,OCCUPANT LAP SHOULDER HARNESS USED,CELL PHONE NOT IN USE,NONE APPARENT,,N,US-101,65.0,B,PROCEEDING STRAIGHT,A,HAD NOT BEEN DRINKING,,,M,MALE,63.0,A,CA,B,BLACK,26.0,TwoAxleTruck,2012.0,FRHT,ASCADIA,WHI,,31.0,SemiTrailer,2013.0,HYNTL,TRAILER,WHI,,,,,
1355021,721380,1,Driver,True,False,False,M,AIR BAG NOT DEPLOYED,G,OCCUPANT LAP SHOULDER HARNESS USED,CELL PHONE NOT IN USE,NONE APPARENT,,N,US-101,65.0,R,OTHER,A,HAD NOT BEEN DRINKING,,,F,FEMALE,72.0,C,CA,W,WHITE,1.0,PassengerCarStationWagonJeep,2012.0,FORD,Edge,BLK,,,,,,,,,,,,
1354999,721368,1,Driver,True,False,False,L,AIR BAG DEPLOYED,G,OCCUPANT LAP SHOULDER HARNESS USED,CELL PHONE NOT IN USE,NONE APPARENT,,S,I-280,65.0,E,MAKING LEFT TURN,A,HAD NOT BEEN DRINKING,,,M,MALE,32.0,U,CA,H,HISPANIC,7.0,SportUtilityVehicle,2005.0,CADI,SRX,GRY,,,,,,,,,,,,
1354979,721357,2,Driver,,False,False,M,AIR BAG NOT DEPLOYED,G,OCCUPANT LAP SHOULDER HARNESS USED,CELL PHONE NOT IN USE,NONE APPARENT,,N,I-280,65.0,B,PROCEEDING STRAIGHT,A,HAD NOT BEEN DRINKING,,,M,MALE,55.0,A,CA,W,WHITE,27.0,ThreeOrMoreAxleTruck,2016.0,FRHT,3 Axle,WHI,,32.0,PullTrailer,2015.0,LED,Trailer,BLU,,,,,
1354978,721357,1,Driver,True,False,False,M,AIR BAG NOT DEPLOYED,G,OCCUPANT LAP SHOULDER HARNESS USED,CELL PHONE NOT IN USE,NONE APPARENT,,N,I-280,65.0,B,PROCEEDING STRAIGHT,A,HAD NOT BEEN DRINKING,,,F,FEMALE,25.0,C,CA,A,ASIAN,1.0,PassengerCarStationWagonJeep,2006.0,TOYOTA,Sienna,SIL,,,,,,,,,,,,
1354975,721355,2,Driver,,False,False,M,AIR BAG NOT DEPLOYED,G,OCCUPANT LAP SHOULDER HARNESS USED,CELL PHONE NOT IN USE,NONE APPARENT,,N,US101,65.0,H,SLOWING/STOPPING,A,HAD NOT BEEN DRINKING,,,F,FEMALE,39.0,C,CA,W,WHITE,7.0,SportUtilityVehicle,2016.0,MAZD,CX5,BLK,,,,,,,,,,,,
1354974,721355,1,Driver,True,False,False,M,AIR BAG NOT DEPLOYED,G,OCCUPANT LAP SHOULDER HARNESS USED,CELL PHONE NOT IN USE,NONE APPARENT,,N,US101,65.0,B,PROCEEDING STRAIGHT,A,HAD NOT BEEN DRINKING,,,M,MALE,74.0,C,CA,A,ASIAN,1.0,PassengerCarStationWagonJeep,2010.0,TOYT,Corolla,WHI,,,,,,,,,,,,
1354963,721347,1,Driver,True,False,False,L,AIR BAG DEPLOYED,G,OCCUPANT LAP SHOULDER HARNESS USED,CELL PHONE NOT IN USE,NONE APPARENT,,W,VMC PARKING STRUCTRE,10.0,B,PROCEEDING STRAIGHT,A,HAD NOT BEEN DRINKING,,,F,FEMALE,63.0,C,CA,,,1.0,PassengerCarStationWagonJeep,2018.0,CHEV,Volt,RED,,,,,,,,,,,,
1354901,721316,2,Driver,,False,False,M,AIR BAG NOT DEPLOYED,G,OCCUPANT LAP SHOULDER HARNESS USED,CELL PHONE NOT IN USE,NONE APPARENT,,N,US101 N/B,65.0,B,PROCEEDING STRAIGHT,A,HAD NOT BEEN DRINKING,,,M,MALE,55.0,C,CA,O,OTHER,1.0,PassengerCarStationWagonJeep,2000.0,BMW,M5,BLU,,,,,,,,,,,,
1354900,721316,1,Driver,True,False,True,B,UNKNOWN,B,OCCUPANT UNKNOWN,CELL PHONE NOT IN USE,NONE APPARENT,,N,US101 N/B,65.0,B,PROCEEDING STRAIGHT,G,IMPAIRMENT_NOT_KNOWN,,,,,,,,,,99.0,OtherUnknownHitAndRunDriver,,,,,,,,,,,,,,,,
1354816,721271,2,Driver,,False,False,M,AIR BAG NOT DEPLOYED,G,OCCUPANT LAP SHOULDER HARNESS USED,CELL PHONE NOT IN USE,NONE APPARENT,,N,I-280,65.0,H,SLOWING/STOPPING,A,HAD NOT BEEN DRINKING,,,M,MALE,20.0,C,CA,A,ASIAN,1.0,PassengerCarStationWagonJeep,2014.0,HOND,Accord,GRY,,,,,,,,,,,,
1354815,721271,1,Driver,True,False,False,M,AIR BAG NOT DEPLOYED,G,OCCUPANT LAP SHOULDER HARNESS USED,CELL PHONE NOT IN USE,NONE APPARENT,,N,I-280,65.0,B,PROCEEDING STRAIGHT,A,HAD NOT BEEN DRINKING,,,M,MALE,18.0,C,CA,A,ASIAN,1.0,PassengerCarStationWagonJeep,2017.0,HONDA,Civic,GRY,,,,,,,,,,,,
1354810,721268,2,Driver,,False,False,M,AIR BAG NOT DEPLOYED,G,OCCUPANT LAP SHOULDER HARNESS USED,CELL PHONE NOT IN USE,NONE APPARENT,,N,I-280,65.0,H,SLOWING/STOPPING,A,HAD NOT BEEN DRINKING,,,M,MALE,56.0,C,CA,H,HISPANIC,1.0,PassengerCarStationWagonJeep,2000.0,HOND,Accord,TAN,,,,,,,,,,,,
1354809,721268,1,Driver,True,False,False,L,AIR BAG DEPLOYED,G,OCCUPANT LAP SHOULDER HARNESS USED,CELL PHONE NOT IN USE,NONE APPARENT,,N,I-280,65.0,B,PROCEEDING STRAIGHT,A,HAD NOT BEEN DRINKING,,,M,MALE,70.0,C,CA,B,BLACK,7.0,SportUtilityVehicle,2015.0,CHEV,Equinox,BLU,,,,,,,,,,,,
1354784,721255,2,Driver,,False,False,M,AIR BAG NOT DEPLOYED,G,OCCUPANT LAP SHOULDER HARNESS USED,CELL PHONE NOT IN USE,NONE APPARENT,,S,I-280,65.0,H,SLOWING/STOPPING,A,HAD NOT BEEN DRINKING,,,M,MALE,25.0,C,CA,H,HISPANIC,1.0,PassengerCarStationWagonJeep,2000.0,SUBA,Impreza,SIL,,,,,,,,,,,,
1354783,721255,1,Driver,True,False,False,M,AIR BAG NOT DEPLOYED,G,OCCUPANT LAP SHOULDER HARNESS USED,CELL PHONE NOT IN USE,NONE APPARENT,,S,I-280,65.0,B,PROCEEDING STRAIGHT,A,HAD NOT BEEN DRINKING,,,F,FEMALE,19.0,C,CA,W,WHITE,1.0,PassengerCarStationWagonJeep,2004.0,HOND,Civic,BLU,,,,,,,,,,,,
1354769,721248,2,Driver,,False,False,M,AIR BAG NOT DEPLOYED,G,OCCUPANT LAP SHOULDER HARNESS USED,CELL PHONE NOT IN USE,STOP & GO TRAFFIC,,S,US101,65.0,H,SLOWING/STOPPING,A,HAD NOT BEEN DRINKING,,,M,MALE,43.0,C,CA,W,WHITE,22.0,PickupsAndPanels,2015.0,GMC,Sierra,WHT,,,,,,,,,,,,
1354768,721248,1,Driver,True,False,False,M,AIR BAG NOT DEPLOYED,G,OCCUPANT LAP SHOULDER HARNESS USED,CELL PHONE NOT IN USE,STOP & GO TRAFFIC,,S,US101,65.0,B,PROCEEDING STRAIGHT,A,HAD NOT BEEN DRINKING,,,M,MALE,22.0,F,FL,W,WHITE,1.0,PassengerCarStationWagonJeep,1993.0,FORD,Probe,RED,,,,,,,,,,,,
1354737,721234,2,Driver,,False,False,M,AIR BAG NOT DEPLOYED,G,OCCUPANT LAP SHOULDER HARNESS USED,CELL PHONE NOT IN USE,NONE APPARENT,,S,I-680,65.0,A,STOPPED,A,HAD NOT BEEN DRINKING,,,M,MALE,59.0,C,CA,A,ASIAN,8.0,MiniVan,2015.0,TOYO,Sienna,WHT,,,,,,,,,,,,
1354736,721234,1,Driver,True,False,False,M,AIR BAG NOT DEPLOYED,G,OCCUPANT LAP SHOULDER HARNESS USED,CELL PHONE NOT IN USE,NONE APPARENT,,S,I-680,65.0,B,PROCEEDING STRAIGHT,A,HAD NOT BEEN DRINKING,,,M,MALE,41.0,C,CA,W,WHITE,22.0,PickupsAndPanels,2012.0,TOYT,Tacoma,BLK,,,,,,,,,,,,
1354396,721055,2,Driver,,False,False,M,AIR BAG NOT DEPLOYED,G,OCCUPANT LAP SHOULDER HARNESS USED,CELL PHONE NOT IN USE,NONE APPARENT,,S,US101,65.0,B,PROCEEDING STRAIGHT,A,HAD NOT BEEN DRINKING,,,F,FEMALE,31.0,C,CA,A,ASIAN,8.0,MiniVan,2005.0,HOND,Odyssey,WHI,,,,,,,,,,,,
1354395,721055,1,Driver,True,False,False,M,AIR BAG NOT DEPLOYED,G,OCCUPANT LAP SHOULDER HARNESS USED,CELL PHONE NOT IN USE,NONE APPARENT,,S,US101,65.0,J,CHANGING LANES,A,HAD NOT BEEN DRINKING,,,F,FEMALE,15.0,U,CA,W,WHITE,7.0,SportUtilityVehicle,2002.0,CHEV,Trail Blazer,BLK,,,,,,,,,,,,
1354388,721051,2,Driver,,False,False,M,AIR BAG NOT DEPLOYED,G,OCCUPANT LAP SHOULDER HARNESS USED,CELL PHONE NOT IN USE,NONE APPARENT,,S,US-101,65.0,B,PROCEEDING STRAIGHT,A,HAD NOT BEEN DRINKING,,,M,MALE,38.0,C,CA,W,WHITE,1.0,PassengerCarStationWagonJeep,2012.0,CHEV,VOLT,WHI,,,,,,,,,,,,
1354387,721051,1,Driver,True,False,False,M,AIR BAG NOT DEPLOYED,G,OCCUPANT LAP SHOULDER HARNESS USED,CELL PHONE NOT IN USE,NONE APPARENT,,S,US-101,65.0,R,OTHER,A,HAD NOT BEEN DRINKING,,,M,MALE,28.0,,,H,HISPANIC,7.0,SportUtilityVehicle,2003.0,HUMM,H2,BGE,,,,,,,,,,,,
1354346,721029,5,Driver,,False,False,M,AIR BAG NOT DEPLOYED,G,OCCUPANT LAP SHOULDER HARNESS USED,CELL PHONE NOT IN USE,STOP & GO TRAFFIC,,N,STATE ROUTE 85,65.0,A,STOPPED,A,HAD NOT BEEN DRINKING,,,F,FEMALE,30.0,F,WV,O,OTHER,1.0,PassengerCarStationWagonJeep,1999.0,TOYO,Camry,TAN,,,,,,,,,,,,
1354345,721029,4,Driver,,False,False,M,AIR BAG NOT DEPLOYED,G,OCCUPANT LAP SHOULDER HARNESS USED,CELL PHONE NOT IN USE,STOP & GO TRAFFIC,,N,STATE ROUTE 85,65.0,A,STOPPED,A,HAD NOT BEEN DRINKING,,,M,MALE,32.0,C,CA,O,OTHER,1.0,PassengerCarStationWagonJeep,2013.0,BMW,528i,GRY,,,,,,,,,,,,
1354344,721029,3,Driver,,False,False,M,AIR BAG NOT DEPLOYED,G,OCCUPANT LAP SHOULDER HARNESS USED,CELL PHONE NOT IN USE,STOP & GO TRAFFIC,,N,STATE ROUTE 85,65.0,B,PROCEEDING STRAIGHT,A,HAD NOT BEEN DRINKING,,,M,MALE,48.0,C,CA,W,WHITE,1.0,PassengerCarStationWagonJeep,2016.0,CHEVY,Corvette,SIL,,,,,,,,,,,,
1354343,721029,2,Driver,,False,False,M,AIR BAG NOT DEPLOYED,G,OCCUPANT LAP SHOULDER HARNESS USED,CELL PHONE NOT IN USE,STOP & GO TRAFFIC,,N,STATE ROUTE 85,65.0,H,SLOWING/STOPPING,A,HAD NOT BEEN DRINKING,,,M,MALE,53.0,C,CA,H,HISPANIC,1.0,PassengerCarStationWagonJeep,2014.0,TOYO,Prius,BLK,,,,,,,,,,,,
1354342,721029,1,Driver,True,False,False,M,AIR BAG NOT DEPLOYED,G,OCCUPANT LAP SHOULDER HARNESS USED,CELL PHONE NOT IN USE,STOP & GO TRAFFIC,,N,STATE ROUTE 85,65.0,B,PROCEEDING STRAIGHT,A,HAD NOT BEEN DRINKING,,,M,MALE,19.0,C,CA,B,BLACK,1.0,PassengerCarStationWagonJeep,2015.0,FORD,Mustang,WHT,,,,,,,,,,,,
1354341,721028,2,Driver,,False,False,M,AIR BAG NOT DEPLOYED,G,OCCUPANT LAP SHOULDER HARNESS USED,CELL PHONE NOT IN USE,NONE APPARENT,,S,US101,65.0,A,STOPPED,A,HAD NOT BEEN DRINKING,,,M,MALE,41.0,C,CA,O,OTHER,1.0,PassengerCarStationWagonJeep,2008.0,TOYOTA,Prius,BLK,,,,,,,,,,,,
1354340,721028,1,Driver,True,False,False,M,AIR BAG NOT DEPLOYED,G,OCCUPANT LAP SHOULDER HARNESS USED,CELL PHONE NOT IN USE,NONE APPARENT,,S,US101,65.0,B,PROCEEDING STRAIGHT,A,HAD NOT BEEN DRINKING,,,F,FEMALE,47.0,,,H,HISPANIC,22.0,PickupsAndPanels,2002.0,TOYOTA,Tacoma,BLK,,,,,,,,,,,,
1354315,721013,2,Driver,,False,False,M,AIR BAG NOT DEPLOYED,G,OCCUPANT LAP SHOULDER HARNESS USED,CELL PHONE NOT IN USE,NONE APPARENT,,N,2222 Senter Rd.,15.0,A,STOPPED,A,HAD NOT BEEN DRINKING,,,F,FEMALE,60.0,C,CA,H,HISPANIC,1.0,PassengerCarStationWagonJeep,1999.0,SATURN,sedan,BLK,,,,,,,,,,,,
1354314,721013,1,Driver,True,False,False,M,AIR BAG NOT DEPLOYED,G,OCCUPANT LAP SHOULDER HARNESS USED,CELL PHONE NOT IN USE,NONE APPARENT,,N,2222 Senter Rd.,15.0,G,BACKING,A,HAD NOT BEEN DRINKING,,,M,MALE,63.0,M,CA,A,ASIAN,1.0,PassengerCarStationWagonJeep,2008.0,BMW,325 i,SIL,,,,,,,,,,,,
1354289,720997,2,Driver,,False,False,M,AIR BAG NOT DEPLOYED,G,OCCUPANT LAP SHOULDER HARNESS USED,CELL PHONE NOT IN USE,NONE APPARENT,,S,US-101,65.0,B,PROCEEDING STRAIGHT,A,HAD NOT BEEN DRINKING,,,M,MALE,60.0,F,VA,W,WHITE,1.0,PassengerCarStationWagonJeep,2018.0,NISS,Sentra,BLU,,,,,,,,,,,,
1354288,720997,1,Driver,True,False,False,M,AIR BAG NOT DEPLOYED,G,OCCUPANT LAP SHOULDER HARNESS USED,CELL PHONE NOT IN USE,NONE APPARENT,,S,US-101,65.0,J,CHANGING LANES,A,HAD NOT BEEN DRINKING,,,M,MALE,,A,CA,W,WHITE,11.0,OtherCommercial,2015.0,FRHT,M2,WHT,,,,,,,,,,,,
1354247,720977,2,Driver,,False,False,M,AIR BAG NOT DEPLOYED,G,OCCUPANT LAP SHOULDER HARNESS USED,CELL PHONE NOT IN USE,NONE APPARENT,,N,SR-87,65.0,H,SLOWING/STOPPING,A,HAD NOT BEEN DRINKING,,,M,MALE,52.0,C,CA,H,HISPANIC,1.0,PassengerCarStationWagonJeep,2017.0,JEEP,Cherokee,GRY,,,,,,,,,,,,
1354246,720977,1,Driver,True,False,True,B,UNKNOWN,B,OCCUPANT UNKNOWN,CELL PHONE NOT IN USE,NONE APPARENT,,N,SR-87,65.0,B,PROCEEDING STRAIGHT,G,IMPAIRMENT_NOT_KNOWN,,,,,,,,,,8.0,MiniVan,1992.0,FORD,E-150,BRN,,,,,,,,,,,,
1354243,720974,2,Driver,,False,False,M,AIR BAG NOT DEPLOYED,G,OCCUPANT LAP SHOULDER HARNESS USED,CELL PHONE NOT IN USE,NONE APPARENT,,S,US-101,65.0,B,PROCEEDING STRAIGHT,A,HAD NOT BEEN DRINKING,,,M,MALE,36.0,C,CA,A,ASIAN,1.0,PassengerCarStationWagonJeep,2007.0,HONDA,Civic,GRY,,,,,,,,,,,,
1354242,720974,1,Driver,,False,False,M,AIR BAG NOT DEPLOYED,G,OCCUPANT LAP SHOULDER HARNESS USED,CELL PHONE NOT IN USE,NONE APPARENT,,N,US101,65.0,B,PROCEEDING STRAIGHT,A,HAD NOT BEEN DRINKING,,,M,MALE,54.0,C,CA,A,ASIAN,55.0,TwoAxleTowTruck,2005.0,INTL,Tow Truck,WHI,,1.0,PassengerCarStationWagonJeep,1998.0,NISS,Altima,GLD,,,,,
1354222,720965,2,Driver,,False,False,M,AIR BAG NOT DEPLOYED,G,OCCUPANT LAP SHOULDER HARNESS USED,CELL PHONE NOT IN USE,NONE APPARENT,,N,I-280 N/B ,65.0,A,STOPPED,A,HAD NOT BEEN DRINKING,,,M,MALE,53.0,C,CA,O,OTHER,1.0,PassengerCarStationWagonJeep,2010.0,HOND,Civic,SIL,,,,,,,,,,,,
1354221,720965,1,Driver,True,False,False,L,AIR BAG DEPLOYED,G,OCCUPANT LAP SHOULDER HARNESS USED,CELL PHONE NOT IN USE,NONE APPARENT,,N,I-280 N/B ,65.0,B,PROCEEDING STRAIGHT,A,HAD NOT BEEN DRINKING,,,M,MALE,29.0,U,CA,A,ASIAN,1.0,PassengerCarStationWagonJeep,2006.0,BMW,325i,SIL,,,,,,,,,,,,
1354190,720949,2,Driver,,False,False,M,AIR BAG NOT DEPLOYED,G,OCCUPANT LAP SHOULDER HARNESS USED,CELL PHONE NOT IN USE,ENTERING OR LEAVING RAMP,,S,I-880,65.0,B,PROCEEDING STRAIGHT,A,HAD NOT BEEN DRINKING,,,F,FEMALE,41.0,C,CA,H,HISPANIC,1.0,PassengerCarStationWagonJeep,2015.0,FORD,Fusion,GRY,,,,,,,,,,,,
1354189,720949,1,Driver,True,False,False,P,NOT REQUIRED,G,OCCUPANT LAP SHOULDER HARNESS USED,CELL PHONE NOT IN USE,ENTERING OR LEAVING RAMP,,S,I-880,65.0,B,PROCEEDING STRAIGHT,A,HAD NOT BEEN DRINKING,,,M,MALE,60.0,A,CA,B,BLACK,26.0,TwoAxleTruck,2017.0,KENW,Truck Tractor-,GRY,,33.0,TwoTrailersIncludesSemiAndPull,1989.0,GALLA,Bottom Dump,WHI,,,,,
1354174,720941,2,Driver,,False,False,M,AIR BAG NOT DEPLOYED,G,OCCUPANT LAP SHOULDER HARNESS USED,CELL PHONE NOT IN USE,NONE APPARENT,,S,US-101,65.0,B,PROCEEDING STRAIGHT,A,HAD NOT BEEN DRINKING,,,M,MALE,59.0,C,CA,H,HISPANIC,22.0,PickupsAndPanels,1994.0,FORD,Ranger,WHT,,,,,,,,,,,,
1354173,720941,1,Driver,True,False,False,L,AIR BAG DEPLOYED,G,OCCUPANT LAP SHOULDER HARNESS USED,CELL PHONE NOT IN USE,NONE APPARENT,,S,US-101,65.0,B,PROCEEDING STRAIGHT,A,HAD NOT BEEN DRINKING,,,M,MALE,20.0,C,CA,W,WHITE,22.0,PickupsAndPanels,2009.0,CHEV,1500,GRY,,,,,,,,,,,,
1352718,720201,2,Driver,,False,False,M,AIR BAG NOT DEPLOYED,G,OCCUPANT LAP SHOULDER HARNESS USED,CELL PHONE NOT IN USE,NONE APPARENT,,S,SR-85,65.0,A,STOPPED,A,HAD NOT BEEN DRINKING,,,M,MALE,60.0,C,CA,W,WHITE,7.0,SportUtilityVehicle,2014.0,FORD,Edge,TAN,,,,,,,,,,,,
1352717,720201,1,Driver,True,False,False,L,AIR BAG DEPLOYED,G,OCCUPANT LAP SHOULDER HARNESS USED,CELL PHONE NOT IN USE,NONE APPARENT,,S,SR-85,65.0,B,PROCEEDING STRAIGHT,A,HAD NOT BEEN DRINKING,,,M,MALE,45.0,C,CA,H,HISPANIC,1.0,PassengerCarStationWagonJeep,2013.0,NISS,Versa,BLU,,,,,,,,,,,,
1352515,720106,2,Driver,,False,False,M,AIR BAG NOT DEPLOYED,G,OCCUPANT LAP SHOULDER HARNESS USED,CELL PHONE NOT IN USE,NONE APPARENT,,N,US101,65.0,B,PROCEEDING STRAIGHT,A,HAD NOT BEEN DRINKING,,,M,MALE,48.0,C,CA,H,HISPANIC,7.0,SportUtilityVehicle,2018.0,CHEV,Equinox,BRN,,,,,,,,,,,,
1352514,720106,1,Driver,,False,False,M,AIR BAG NOT DEPLOYED,G,OCCUPANT LAP SHOULDER HARNESS USED,CELL PHONE NOT IN USE,NONE APPARENT,,N,US101,65.0,B,PROCEEDING STRAIGHT,A,HAD NOT BEEN DRINKING,,,F,FEMALE,53.0,C,CA,H,HISPANIC,8.0,MiniVan,2007.0,TOYO,Sienna,WHI,,,,,,,,,,,,
1352508,720102,1,Driver,True,False,False,L,AIR BAG DEPLOYED,G,OCCUPANT LAP SHOULDER HARNESS USED,CELL PHONE NOT IN USE,NONE APPARENT,,N,US-101,65.0,R,OTHER,A,HAD NOT BEEN DRINKING,,,M,MALE,30.0,C,CA,W,WHITE,1.0,PassengerCarStationWagonJeep,2015.0,MAZD,Mazda 6,RED,,,,,,,,,,,,
1352487,720090,2,Driver,,False,False,M,AIR BAG NOT DEPLOYED,G,OCCUPANT LAP SHOULDER HARNESS USED,CELL PHONE NOT IN USE,NONE APPARENT,,S,I-280,65.0,B,PROCEEDING STRAIGHT,A,HAD NOT BEEN DRINKING,,,F,FEMALE,64.0,C,CA,W,WHITE,1.0,PassengerCarStationWagonJeep,2013.0,FORD,Focus,BLU,,,,,,,,,,,,
1352486,720090,1,Driver,,False,False,M,AIR BAG NOT DEPLOYED,G,OCCUPANT LAP SHOULDER HARNESS USED,CELL PHONE NOT IN USE,NONE APPARENT,,S,I-280,65.0,R,OTHER,F,IMPAIRMENT-PHYSICAL,,,F,FEMALE,44.0,C,CA,W,WHITE,1.0,PassengerCarStationWagonJeep,2013.0,TOYO,Prius,GRY,,,,,,,,,,,,
1352483,720088,3,Driver,,False,False,M,AIR BAG NOT DEPLOYED,G,OCCUPANT LAP SHOULDER HARNESS USED,CELL PHONE NOT IN USE,NONE APPARENT,,S,I-880,65.0,B,PROCEEDING STRAIGHT,A,HAD NOT BEEN DRINKING,,,F,FEMALE,43.0,C,CA,O,OTHER,7.0,SportUtilityVehicle,2016.0,ACURA,MDX,GRY,,,,,,,,,,,,
1352482,720088,2,Driver,,False,False,M,AIR BAG NOT DEPLOYED,G,OCCUPANT LAP SHOULDER HARNESS USED,CELL PHONE NOT IN USE,NONE APPARENT,,S,I-880,65.0,B,PROCEEDING STRAIGHT,A,HAD NOT BEEN DRINKING,,,F,FEMALE,62.0,C,CA,O,OTHER,1.0,PassengerCarStationWagonJeep,2017.0,HYUN,Accent,WHT,,,,,,,,,,,,
1352481,720088,1,Driver,True,False,False,L,AIR BAG DEPLOYED,G,OCCUPANT LAP SHOULDER HARNESS USED,CELL PHONE NOT IN USE,NONE APPARENT,,S,I-880,65.0,B,PROCEEDING STRAIGHT,A,HAD NOT BEEN DRINKING,,,F,FEMALE,32.0,C,CA,A,ASIAN,1.0,PassengerCarStationWagonJeep,2014.0,TOYT,Camry,WHI,,,,,,,,,,,,
1352318,720011,2,Driver,,False,False,M,AIR BAG NOT DEPLOYED,G,OCCUPANT LAP SHOULDER HARNESS USED,CELL PHONE NOT IN USE,NONE APPARENT,,S,I-280,65.0,H,SLOWING/STOPPING,A,HAD NOT BEEN DRINKING,,,M,MALE,47.0,C,CA,O,OTHER,1.0,PassengerCarStationWagonJeep,2016.0,ACUR,MDX,WHT,,,,,,,,,,,,
1352317,720011,1,Driver,True,False,False,M,AIR BAG NOT DEPLOYED,G,OCCUPANT LAP SHOULDER HARNESS USED,CELL PHONE NOT IN USE,NONE APPARENT,,S,I-280,65.0,B,PROCEEDING STRAIGHT,A,HAD NOT BEEN DRINKING,,,F,FEMALE,57.0,C,CA,W,WHITE,1.0,PassengerCarStationWagonJeep,2017.0,VOLK,Tiguan,WHI,,,,,,,,,,,,
1352237,719973,2,Driver,,False,False,M,AIR BAG NOT DEPLOYED,G,OCCUPANT LAP SHOULDER HARNESS USED,CELL PHONE NOT IN USE,NONE APPARENT,,S,SR-85,65.0,H,SLOWING/STOPPING,A,HAD NOT BEEN DRINKING,,,M,MALE,59.0,C,CA,A,ASIAN,1.0,PassengerCarStationWagonJeep,2011.0,TOY,Prius,GRY,,,,,,,,,,,,