PartyId,CollisionId,PartyNumber,PartyType,IsAtFault,IsOnDutyEmergencyVehicle,IsHitAndRun,AirbagCode,AirbagDescription,SafetyEquipmentCode,SafetyEquipmentDescription,Special Information,Other Associate Factor,Inattention,DirectionOfTravel,StreetOrHighwayName,SpeedLimit,MovementPrecCollCode,MovementPrecCollDescription,SobrietyDrugPhysicalCode1,SobrietyDrugPhysicalDescription1,SobrietyDrugPhysicalCode2,SobrietyDrugPhysicalDescription2,GenderCode,GenderDescription,StatedAge,DriverLicenseClass,DriverLicenseStateCode,RaceCode,RaceDesc,Vehicle1TypeId, Vehicle1TypeDesc, Vehicle1Year,Vehicle1Make,Vehicle1Model,Vehicle1Color,V1IsVehicleTowed,Vehicle2TypeId, Vehicle2TypeDesc, Vehicle2Year,Vehicle2Make,Vehicle2Model,Vehicle2Color,V2IsVehicleTowed,Lane,ThruLanes,TotalLanes,IsDREConducted
1432994,762095,2,Driver,,False,False,M,AIR BAG NOT DEPLOYED,G,OCCUPANT LAP SHOULDER HARNESS USED,CELL PHONE NOT IN USE,NONE APPARENT,,S,I-680,65.0,H,SLOWING/STOPPING,A,HAD NOT BEEN DRINKING,,,M,MALE,23.0,C,CA,W,WHITE,1.0,PassengerCarStationWagonJeep,2014.0,AUDI,A6,BLK,,,,,,,,,,,,
1432993,762095,1,Driver,True,False,True,B,UNKNOWN,B,OCCUPANT UNKNOWN,CELL PHONE NOT IN USE,NONE APPARENT,,S,I-680,65.0,H,SLOWING/STOPPING,G,IMPAIRMENT_NOT_KNOWN,,,,,,,,,,99.0,OtherUnknownHitAndRunDriver,,,,,,,,,,,,,,,,
1432666,761918,2,Driver,,False,False,M,AIR BAG NOT DEPLOYED,G,OCCUPANT LAP SHOULDER HARNESS USED,CELL PHONE NOT IN USE,NONE APPARENT,,S,I-280,65.0,A,STOPPED,A,HAD NOT BEEN DRINKING,,,F,FEMALE,19.0,C,CA,W,WHITE,1.0,PassengerCarStationWagonJeep,2018.0,HYUN,VELOSTAR,WHI,,,,,,,,,,,,
1432665,761918,1,Driver,True,False,False,M,AIR BAG NOT DEPLOYED,G,OCCUPANT LAP SHOULDER HARNESS USED,CELL PHONE NOT IN USE,NONE APPARENT,,S,I-280,65.0,B,PROCEEDING STRAIGHT,A,HAD NOT BEEN DRINKING,,,F,FEMALE,67.0,C,CA,W,WHITE,1.0,PassengerCarStationWagonJeep,2016.0,TOYO,Prius,GRN,,,,,,,,,,,,
1432608,761886,2,Driver,,False,False,M,AIR BAG NOT DEPLOYED,G,OCCUPANT LAP SHOULDER HARNESS USED,CELL PHONE NOT IN USE,NONE APPARENT,,N,SR-85,65.0,A,STOPPED,A,HAD NOT BEEN DRINKING,,,M,MALE,25.0,C,CA,W,WHITE,1.0,PassengerCarStationWagonJeep,2018.0,MAZD,Mazda3,BLK,,,,,,,,,,,,
1432607,761886,1,Driver,True,False,False,M,AIR BAG NOT DEPLOYED,G,OCCUPANT LAP SHOULDER HARNESS USED,CELL PHONE NOT IN USE,NONE APPARENT,,N,SR-85,65.0,B,PROCEEDING STRAIGHT,A,HAD NOT BEEN DRINKING,,,M,MALE,28.0,C,CA,W,WHITE,1.0,PassengerCarStationWagonJeep,2001.0,HOND,Civic,GRY,,,,,,,,,,,,
1432572,761865,3,Driver,,False,False,M,AIR BAG NOT DEPLOYED,G,OCCUPANT LAP SHOULDER HARNESS USED,CELL PHONE NOT IN USE,NONE APPARENT,,S,I-880,65.0,B,PROCEEDING STRAIGHT,A,HAD NOT BEEN DRINKING,,,M,MALE,42.0,C,CA,A,ASIAN,7.0,SportUtilityVehicle,2001.0,TOYT,4RUNNER,GLD,,,,,,,,,,,,
1432571,761865,2,Driver,,False,False,M,AIR BAG NOT DEPLOYED,G,OCCUPANT LAP SHOULDER HARNESS USED,CELL PHONE NOT IN USE,NONE APPARENT,,S,I-880,65.0,B,PROCEEDING STRAIGHT,A,HAD NOT BEEN DRINKING,,,M,MALE,36.0,C,CA,H,HISPANIC,7.0,SportUtilityVehicle,2005.0,HOND,Pilot,BRN,,,,,,,,,,,,
1432570,761865,1,Driver,True,False,False,M,AIR BAG NOT DEPLOYED,G,OCCUPANT LAP SHOULDER HARNESS USED,CELL PHONE NOT IN USE,NONE APPARENT,,S,I-880,65.0,R,OTHER,A,HAD NOT BEEN DRINKING,,,F,FEMALE,24.0,C,CA,A,ASIAN,1.0,PassengerCarStationWagonJeep,2003.0,TOYT,Corolla,SIL,,,,,,,,,,,,
1452412,772000,2,Driver,,False,False,P,NOT REQUIRED,W,MOTOR BICYCLE DRIVER WITH HELMET,CELL PHONE NOT IN USE,NONE APPARENT,,S,US-101,65.0,B,PROCEEDING STRAIGHT,A,HAD NOT BEEN DRINKING,,,M,MALE,40.0,M,CA,W,WHITE,2.0,Motorcycle,2016.0,BMW,1000XR,RED/BLK,,,,,,,,,,,,
1452411,772000,1,Driver,True,False,False,M,AIR BAG NOT DEPLOYED,G,OCCUPANT LAP SHOULDER HARNESS USED,CELL PHONE NOT IN USE,NONE APPARENT,,S,US-101,65.0,J,CHANGING LANES,A,HAD NOT BEEN DRINKING,,,M,MALE,25.0,C,CA,H,HISPANIC,1.0,PassengerCarStationWagonJeep,2003.0,HOND,Civic,SIL,,,,,,,,,,,,
1452394,771991,2,Driver,True,False,False,M,AIR BAG NOT DEPLOYED,G,OCCUPANT LAP SHOULDER HARNESS USED,CELL PHONE NOT IN USE,NONE APPARENT,,N,SR-85,65.0,J,CHANGING LANES,A,HAD NOT BEEN DRINKING,,,F,FEMALE,66.0,C,CA,W,WHITE,1.0,PassengerCarStationWagonJeep,2013.0,FORD,CMax,WHI,,,,,,,,,,,,
1452393,771991,1,Driver,,False,False,M,AIR BAG NOT DEPLOYED,G,OCCUPANT LAP SHOULDER HARNESS USED,CELL PHONE NOT IN USE,NONE APPARENT,,N,SR-85,65.0,B,PROCEEDING STRAIGHT,A,HAD NOT BEEN DRINKING,,,M,MALE,30.0,C,CA,H,HISPANIC,1.0,PassengerCarStationWagonJeep,2015.0,MAZDA,3  ,RED,,,,,,,,,,,,
1452296,771937,2,Driver,,False,False,M,AIR BAG NOT DEPLOYED,G,OCCUPANT LAP SHOULDER HARNESS USED,CELL PHONE NOT IN USE,NONE APPARENT,,S,I-880,65.0,B,PROCEEDING STRAIGHT,A,HAD NOT BEEN DRINKING,,,M,MALE,41.0,C,CA,A,ASIAN,7.0,SportUtilityVehicle,2013.0,LEXS,RX350,WHI,,,,,,,,,,,,
1452295,771937,1,Driver,True,False,True,B,UNKNOWN,B,OCCUPANT UNKNOWN,CELL PHONE NOT IN USE,NONE APPARENT,,S,I-880,65.0,J,CHANGING LANES,G,IMPAIRMENT_NOT_KNOWN,,,,,,,,,,99.0,OtherUnknownHitAndRunDriver,2012.0,CHRY,200,SIL,,,,,,,,,,,,
1452294,771936,2,Driver,,False,False,M,AIR BAG NOT DEPLOYED,G,OCCUPANT LAP SHOULDER HARNESS USED,CELL PHONE NOT IN USE,NONE APPARENT,,S,SR-85,65.0,B,PROCEEDING STRAIGHT,A,HAD NOT BEEN DRINKING,,,M,MALE,41.0,C,CA,H,HISPANIC,1.0,PassengerCarStationWagonJeep,2016.0,KIA,Soul,GRY,,,,,,,,,,,,
1452293,771936,1,Driver,True,False,False,M,AIR BAG NOT DEPLOYED,G,OCCUPANT LAP SHOULDER HARNESS USED,CELL PHONE NOT IN USE,NONE APPARENT,,S,SR-85,65.0,B,PROCEEDING STRAIGHT,A,HAD NOT BEEN DRINKING,,,M,MALE,20.0,C,CA,H,HISPANIC,22.0,PickupsAndPanels,2001.0,CHEV,S10,BRO,,,,,,,,,,,,
1452206,771890,2,Driver,,False,False,M,AIR BAG NOT DEPLOYED,G,OCCUPANT LAP SHOULDER HARNESS USED,CELL PHONE NOT IN USE,NONE APPARENT,,N,I-680,65.0,B,PROCEEDING STRAIGHT,A,HAD NOT BEEN DRINKING,,,M,MALE,28.0,C,CA,O,OTHER,22.0,PickupsAndPanels,2015.0,GMC,Sierra,WHT,,,,,,,,,,,,
1452205,771890,1,Driver,True,False,False,M,AIR BAG NOT DEPLOYED,G,OCCUPANT LAP SHOULDER HARNESS USED,CELL PHONE NOT IN USE,NONE APPARENT,,N,I-680,65.0,J,CHANGING LANES,A,HAD NOT BEEN DRINKING,,,F,FEMALE,20.0,C,CA,H,HISPANIC,1.0,PassengerCarStationWagonJeep,2006.0,HOND,Accord,BLK,,,,,,,,,,,,
1452159,771867,2,Driver,,False,False,M,AIR BAG NOT DEPLOYED,G,OCCUPANT LAP SHOULDER HARNESS USED,CELL PHONE NOT IN USE,NONE APPARENT,,S,I-280,65.0,H,SLOWING/STOPPING,A,HAD NOT BEEN DRINKING,,,M,MALE,49.0,C,CA,O,OTHER,1.0,PassengerCarStationWagonJeep,2012.0,TOY,Prius,WHI,,,,,,,,,,,,
1452158,771867,1,Driver,True,False,False,M,AIR BAG NOT DEPLOYED,G,OCCUPANT LAP SHOULDER HARNESS USED,CELL PHONE NOT IN USE,NONE APPARENT,,S,I-280,65.0,B,PROCEEDING STRAIGHT,A,HAD NOT BEEN DRINKING,,,M,MALE,23.0,C,CA,W,WHITE,7.0,SportUtilityVehicle,2008.0,HOND,CR-V,BLK,,,,,,,,,,,,
1451826,771700,2,Driver,,False,False,M,AIR BAG NOT DEPLOYED,G,OCCUPANT LAP SHOULDER HARNESS USED,CELL PHONE NOT IN USE,NONE APPARENT,,S,US-101,65.0,H,SLOWING/STOPPING,A,HAD NOT BEEN DRINKING,,,M,MALE,39.0,C,CA,A,ASIAN,8.0,MiniVan,2015.0,RAM,PROMASTER,WHI,,,,,,,,,,,,
1451825,771700,1,Driver,True,False,False,M,AIR BAG NOT DEPLOYED,G,OCCUPANT LAP SHOULDER HARNESS USED,CELL PHONE NOT IN USE,NONE APPARENT,,S,US-101,65.0,J,CHANGING LANES,A,HAD NOT BEEN DRINKING,,,F,FEMALE,38.0,C,CA,A,ASIAN,1.0,PassengerCarStationWagonJeep,2001.0,TOYO,Celica,RED,,,,,,,,,,,,
1451800,771688,1,Driver,True,False,False,P,NOT REQUIRED,G,OCCUPANT LAP SHOULDER HARNESS USED,CELL PHONE NOT IN USE,VC SECTION VIOLATED - 22107,,E,Black Rd,35.0,R,OTHER,B,HBD-UNDER INFLUENCE,,,M,MALE,46.0,C,CA,W,WHITE,7.0,SportUtilityVehicle,1994.0,TOYO,4RUNNER,BLU,,,,,,,,,,,,
1451487,771525,2,Driver,,False,False,M,AIR BAG NOT DEPLOYED,G,OCCUPANT LAP SHOULDER HARNESS USED,CELL PHONE NOT IN USE,NONE APPARENT,,S,SR-17,65.0,H,SLOWING/STOPPING,A,HAD NOT BEEN DRINKING,,,F,FEMALE,43.0,C,CA,A,ASIAN,1.0,PassengerCarStationWagonJeep,2002.0,TOYT,Avalon,SIL,,,,,,,,,,,,
1451486,771525,1,Driver,True,False,False,M,AIR BAG NOT DEPLOYED,G,OCCUPANT LAP SHOULDER HARNESS USED,CELL PHONE NOT IN USE,NONE APPARENT,,S,SR-17,65.0,B,PROCEEDING STRAIGHT,A,HAD NOT BEEN DRINKING,,,F,FEMALE,20.0,C,CA,W,WHITE,7.0,SportUtilityVehicle,2012.0,VOLK,Tiguan,GRY,,,,,,,,,,,,
1451443,771503,1,Driver,True,False,False,L,AIR BAG DEPLOYED,G,OCCUPANT LAP SHOULDER HARNESS USED,CELL PHONE NOT IN USE,NONE APPARENT,,N,US-101,65.0,J,CHANGING LANES,A,HAD NOT BEEN DRINKING,,,M,MALE,65.0,C,CA,W,WHITE,1.0,PassengerCarStationWagonJeep,1996.0,CADI,STS,WHI,,,,,,,,,,,,
1451405,771483,2,Driver,,False,False,M,AIR BAG NOT DEPLOYED,G,OCCUPANT LAP SHOULDER HARNESS USED,CELL PHONE NOT IN USE,NONE APPARENT,,N,I-280,65.0,A,STOPPED,A,HAD NOT BEEN DRINKING,,,F,FEMALE,21.0,C,CA,W,WHITE,1.0,PassengerCarStationWagonJeep,2003.0,VOLK,Beetle,BLK,,,,,,,,,,,,
1451404,771483,1,Driver,True,False,False,M,AIR BAG NOT DEPLOYED,G,OCCUPANT LAP SHOULDER HARNESS USED,CELL PHONE NOT IN USE,NONE APPARENT,,N,I-280,65.0,B,PROCEEDING STRAIGHT,A,HAD NOT BEEN DRINKING,,,F,FEMALE,22.0,,,H,HISPANIC,1.0,PassengerCarStationWagonJeep,2002.0,HOND,Accord,SIL,,,,,,,,,,,,
1451341,771452,2,Driver,,False,False,M,AIR BAG NOT DEPLOYED,G,OCCUPANT LAP SHOULDER HARNESS USED,CELL PHONE NOT IN USE,STOP & GO TRAFFIC,,N,SR-87,65.0,A,STOPPED,A,HAD NOT BEEN DRINKING,,,F,FEMALE,52.0,C,CA,W,WHITE,1.0,PassengerCarStationWagonJeep,2008.0,LEXU,IS350,GRY,,,,,,,,,,,,
1451340,771452,1,Driver,True,False,False,L,AIR BAG DEPLOYED,G,OCCUPANT LAP SHOULDER HARNESS USED,CELL PHONE NOT IN USE,STOP & GO TRAFFIC,,N,SR-87,65.0,B,PROCEEDING STRAIGHT,A,HAD NOT BEEN DRINKING,,,M,MALE,45.0,C,CA,W,WHITE,1.0,PassengerCarStationWagonJeep,2007.0,VOLV,S60,BLK,,,,,,,,,,,,
1451326,771444,2,Driver,,False,False,M,AIR BAG NOT DEPLOYED,G,OCCUPANT LAP SHOULDER HARNESS USED,CELL PHONE NOT IN USE,NONE APPARENT,,S,SR-85,65.0,B,PROCEEDING STRAIGHT,A,HAD NOT BEEN DRINKING,,,M,MALE,61.0,C,CA,W,WHITE,1.0,PassengerCarStationWagonJeep,2008.0,TOYO,Camry,SIL,,,,,,,,,,,,
1451325,771444,1,Driver,,False,False,M,AIR BAG NOT DEPLOYED,G,OCCUPANT LAP SHOULDER HARNESS USED,CELL PHONE NOT IN USE,NONE APPARENT,,S,SR-85,65.0,B,PROCEEDING STRAIGHT,A,HAD NOT BEEN DRINKING,,,M,MALE,54.0,C,CA,W,WHITE,22.0,PickupsAndPanels,2010.0,TOYO,Tacoma,WHI,,,,,,,,,,,,
1451314,771438,2,Driver,,False,False,M,AIR BAG NOT DEPLOYED,G,OCCUPANT LAP SHOULDER HARNESS USED,CELL PHONE NOT IN USE,NONE APPARENT,,N,I-680,65.0,B,PROCEEDING STRAIGHT,A,HAD NOT BEEN DRINKING,,,M,MALE,26.0,C,CA,H,HISPANIC,22.0,PickupsAndPanels,2006.0,CHEV,S-10,WHI,,,,,,,,,,,,
1451313,771438,1,Driver,True,False,False,M,AIR BAG NOT DEPLOYED,G,OCCUPANT LAP SHOULDER HARNESS USED,CELL PHONE NOT IN USE,VC SECTION VIOLATED - 21658(a),,N,I-680,65.0,J,CHANGING LANES,E,UNDER_DRUG_INFLUENCE,,,M,MALE,20.0,C,CA,H,HISPANIC,1.0,PassengerCarStationWagonJeep,2014.0,SUBA,BRZ,BLU,,,,,,,,,,,,
1451293,771426,2,Driver,,False,False,M,AIR BAG NOT DEPLOYED,G,OCCUPANT LAP SHOULDER HARNESS USED,CELL PHONE NOT IN USE,NONE APPARENT,,S,US101,65.0,B,PROCEEDING STRAIGHT,A,HAD NOT BEEN DRINKING,,,F,FEMALE,25.0,C,CA,A,ASIAN,1.0,PassengerCarStationWagonJeep,2007.0,LEXS,IS350,WHI,,,,,,,,,,,,
1451292,771426,1,Driver,True,False,True,B,UNKNOWN,B,OCCUPANT UNKNOWN,CELL PHONE NOT IN USE,NONE APPARENT,,S,US101,65.0,B,PROCEEDING STRAIGHT,G,IMPAIRMENT_NOT_KNOWN,,,,,,,,,,99.0,OtherUnknownHitAndRunDriver,,,,,,,,,,,,,,,,
1451217,771387,2,Driver,,False,False,M,AIR BAG NOT DEPLOYED,G,OCCUPANT LAP SHOULDER HARNESS USED,CELL PHONE NOT IN USE,NONE APPARENT,,N,SR-85,65.0,B,PROCEEDING STRAIGHT,A,HAD NOT BEEN DRINKING,,,M,MALE,29.0,C,CA,W,WHITE,1.0,PassengerCarStationWagonJeep,2011.0,MAZD,Mazda3,SIL,,,,,,,,,,,,
1451216,771387,1,Driver,True,False,False,M,AIR BAG NOT DEPLOYED,G,OCCUPANT LAP SHOULDER HARNESS USED,CELL PHONE NOT IN USE,NONE APPARENT,,N,SR-85,65.0,B,PROCEEDING STRAIGHT,A,HAD NOT BEEN DRINKING,,,M,MALE,53.0,C,CA,W,WHITE,22.0,PickupsAndPanels,2009.0,FORD,F150,WHI,,,,,,,,,,,,
1451177,771366,2,Driver,,False,False,M,AIR BAG NOT DEPLOYED,G,OCCUPANT LAP SHOULDER HARNESS USED,CELL PHONE NOT IN USE,NONE APPARENT,,N,SR-85,65.0,A,STOPPED,A,HAD NOT BEEN DRINKING,,,M,MALE,54.0,C,CA,W,WHITE,22.0,PickupsAndPanels,2017.0,GMC,2500 Series,WHI,,,,,,,,,,,,
1451176,771366,1,Driver,True,False,False,M,AIR BAG NOT DEPLOYED,G,OCCUPANT LAP SHOULDER HARNESS USED,CELL PHONE NOT IN USE,NONE APPARENT,,N,SR-85,65.0,B,PROCEEDING STRAIGHT,A,HAD NOT BEEN DRINKING,,,M,MALE,42.0,C,CA,H,HISPANIC,1.0,PassengerCarStationWagonJeep,2000.0,TOYO,Camry,GLD,,,,,,,,,,,,
1450716,771123,2,Driver,,False,False,M,AIR BAG NOT DEPLOYED,G,OCCUPANT LAP SHOULDER HARNESS USED,CELL PHONE NOT IN USE,NONE APPARENT,,N,I-680,65.0,B,PROCEEDING STRAIGHT,A,HAD NOT BEEN DRINKING,,,F,FEMALE,54.0,C,CA,A,ASIAN,1.0,PassengerCarStationWagonJeep,2017.0,HOND,Accord,WHI,,,,,,,,,,,,
1450715,771123,1,Driver,True,False,False,M,AIR BAG NOT DEPLOYED,G,OCCUPANT LAP SHOULDER HARNESS USED,CELL PHONE NOT IN USE,NONE APPARENT,,N,I-680,65.0,B,PROCEEDING STRAIGHT,A,HAD NOT BEEN DRINKING,,,M,MALE,53.0,C,CA,W,WHITE,22.0,PickupsAndPanels,2016.0,FORD,SUPER DUTY,WHI,,,,,,,,,,,,
1450712,771121,2,Driver,,False,False,M,AIR BAG NOT DEPLOYED,G,OCCUPANT LAP SHOULDER HARNESS USED,CELL PHONE NOT IN USE,NONE APPARENT,,S,US-101,65.0,B,PROCEEDING STRAIGHT,A,HAD NOT BEEN DRINKING,,,M,MALE,46.0,C,CA,A,ASIAN,1.0,PassengerCarStationWagonJeep,2010.0,TOYT,Corolla,SIL,,,,,,,,,,,,
1450711,771121,1,Driver,True,False,False,P,NOT REQUIRED,W,MOTOR BICYCLE DRIVER WITH HELMET,CELL PHONE NOT IN USE,NONE APPARENT,,S,US-101,65.0,B,PROCEEDING STRAIGHT,A,HAD NOT BEEN DRINKING,,,M,MALE,22.0,M,CA,A,ASIAN,2.0,Motorcycle,2007.0,SUZI,GSXR,BLU,,,,,,,,,,,,
1450587,771054,2,Driver,,False,False,M,AIR BAG NOT DEPLOYED,G,OCCUPANT LAP SHOULDER HARNESS USED,CELL PHONE NOT IN USE,NONE APPARENT,,N,SR-85,65.0,A,STOPPED,A,HAD NOT BEEN DRINKING,,,F,FEMALE,31.0,C,CA,W,WHITE,8.0,MiniVan,2017.0,CHRY,Pacifica,BLK,,,,,,,,,,,,
1450586,771054,1,Driver,True,False,False,M,AIR BAG NOT DEPLOYED,G,OCCUPANT LAP SHOULDER HARNESS USED,CELL PHONE NOT IN USE,NONE APPARENT,,N,SR-85,65.0,B,PROCEEDING STRAIGHT,A,HAD NOT BEEN DRINKING,,,M,MALE,23.0,C,CA,W,WHITE,1.0,PassengerCarStationWagonJeep,2016.0,VOLK,Jetta,WHT,,,,,,,,,,,,
1450466,770991,2,Driver,,False,False,M,AIR BAG NOT DEPLOYED,G,OCCUPANT LAP SHOULDER HARNESS USED,CELL PHONE NOT IN USE,NONE APPARENT,,S,I-880,65.0,B,PROCEEDING STRAIGHT,A,HAD NOT BEEN DRINKING,,,M,MALE,50.0,A,CA,W,WHITE,25.0,TruckTractor,2014.0,KW,T6600,YEL,,31.0,SemiTrailer,2007.0,BEAL,Tanker,SIL,,,,,
1450465,770991,1,Driver,True,False,False,M,AIR BAG NOT DEPLOYED,G,OCCUPANT LAP SHOULDER HARNESS USED,CELL PHONE NOT IN USE,NONE APPARENT,,S,I-880,65.0,L,ENTERING TRAFFICD,A,HAD NOT BEEN DRINKING,,,M,MALE,,C,CA,H,HISPANIC,22.0,PickupsAndPanels,2001.0,DODG,Durango,BLU,,,,,,,,,,,,
1450403,770958,3,Driver,,False,False,M,AIR BAG NOT DEPLOYED,G,OCCUPANT LAP SHOULDER HARNESS USED,CELL PHONE NOT IN USE,NONE APPARENT,,N,US101,65.0,A,STOPPED,A,HAD NOT BEEN DRINKING,,,M,MALE,37.0,C,CA,H,HISPANIC,22.0,PickupsAndPanels,2006.0,TOYT,Tacoma,WHT,,,,,,,,,,,,
1450402,770958,2,Driver,,False,False,M,AIR BAG NOT DEPLOYED,G,OCCUPANT LAP SHOULDER HARNESS USED,CELL PHONE NOT IN USE,NONE APPARENT,,N,US101,65.0,A,STOPPED,A,HAD NOT BEEN DRINKING,,,F,FEMALE,43.0,C,CA,A,ASIAN,1.0,PassengerCarStationWagonJeep,2007.0,LEXS,ES350,WHT,,,,,,,,,,,,
1450401,770958,1,Driver,True,False,False,M,AIR BAG NOT DEPLOYED,G,OCCUPANT LAP SHOULDER HARNESS USED,CELL PHONE NOT IN USE,NONE APPARENT,,N,US101,65.0,B,PROCEEDING STRAIGHT,A,HAD NOT BEEN DRINKING,,,F,FEMALE,36.0,C,CA,H,HISPANIC,7.0,SportUtilityVehicle,2012.0,DODG,Journey,BLK,,,,,,,,,,,,
1450253,770883,4,Driver,,False,True,B,UNKNOWN,B,OCCUPANT UNKNOWN,CELL PHONE NOT IN USE,VC SECTION VIOLATED - 22350 / NONE APPARENT,,S,I-280,65.0,B,PROCEEDING STRAIGHT,G,IMPAIRMENT_NOT_KNOWN,,,,,,,,,,99.0,OtherUnknownHitAndRunDriver,,,,,,,,,,,,,,,,
1450252,770883,3,Driver,,False,False,M,AIR BAG NOT DEPLOYED,G,OCCUPANT LAP SHOULDER HARNESS USED,CELL PHONE NOT IN USE,VC SECTION VIOLATED - 22350 / NONE APPARENT,,S,I-280,65.0,B,PROCEEDING STRAIGHT,A,HAD NOT BEEN DRINKING,,,F,FEMALE,27.0,C,CA,W,WHITE,1.0,PassengerCarStationWagonJeep,2005.0,MAZD,Mazda3,SIL,,,,,,,,,,,,
1450251,770883,2,Driver,,False,True,B,UNKNOWN,B,OCCUPANT UNKNOWN,CELL PHONE NOT IN USE,NONE APPARENT,,S,I-280,65.0,B,PROCEEDING STRAIGHT,G,IMPAIRMENT_NOT_KNOWN,,,,,,,,,,99.0,OtherUnknownHitAndRunDriver,,,,,,,,,,,,,,,,
1450250,770883,1,Driver,True,False,False,M,AIR BAG NOT DEPLOYED,G,OCCUPANT LAP SHOULDER HARNESS USED,CELL PHONE NOT IN USE,NONE APPARENT,,S,I-280,65.0,B,PROCEEDING STRAIGHT,A,HAD NOT BEEN DRINKING,,,F,FEMALE,39.0,C,CA,O,OTHER,8.0,MiniVan,2012.0,TOYO,Sienna,BLK,,,,,,,,,,,,
1450215,770866,3,Driver,,False,False,M,AIR BAG NOT DEPLOYED,G,OCCUPANT LAP SHOULDER HARNESS USED,CELL PHONE NOT IN USE,STOP & GO TRAFFIC,,N,SR-87,65.0,H,SLOWING/STOPPING,G,IMPAIRMENT_NOT_KNOWN,,,M,MALE,33.0,C,CA,O,OTHER,1.0,PassengerCarStationWagonJeep,2018.0,TOYO,Prius,RED,,,,,,,,,,,,
1450214,770866,2,Driver,,False,False,P,NOT REQUIRED,W,MOTOR BICYCLE DRIVER WITH HELMET,CELL PHONE NOT IN USE,STOP & GO TRAFFIC,,N,SR-87,65.0,B,PROCEEDING STRAIGHT,A,HAD NOT BEEN DRINKING,,,M,MALE,28.0,M,CA,W,WHITE,2.0,Motorcycle,2017.0,TRIU,Bonneville,BLK,,,,,,,,,,,,
1450213,770866,1,Driver,True,False,False,M,AIR BAG NOT DEPLOYED,G,OCCUPANT LAP SHOULDER HARNESS USED,CELL PHONE NOT IN USE,STOP & GO TRAFFIC,,N,SR-87,65.0,J,CHANGING LANES,A,HAD NOT BEEN DRINKING,,,M,MALE,49.0,F,CO,O,OTHER,7.0,SportUtilityVehicle,2018.0,MAZDA,CX-9,SIL,,,,,,,,,,,,
1450012,770766,5,Driver,,False,False,M,AIR BAG NOT DEPLOYED,G,OCCUPANT LAP SHOULDER HARNESS USED,CELL PHONE NOT IN USE,NONE APPARENT,,S,I-280,65.0,A,STOPPED,A,HAD NOT BEEN DRINKING,,,M,MALE,56.0,C,CA,W,WHITE,22.0,PickupsAndPanels,2001.0,FORD,F-150,GRN,,,,,,,,,,,,
1450011,770766,4,Driver,,False,False,M,AIR BAG NOT DEPLOYED,G,OCCUPANT LAP SHOULDER HARNESS USED,CELL PHONE NOT IN USE,NONE APPARENT,,S,I-280,65.0,H,SLOWING/STOPPING,A,HAD NOT BEEN DRINKING,,,F,FEMALE,87.0,C,CA,H,HISPANIC,1.0,PassengerCarStationWagonJeep,2001.0,CADI,ELDORADO,MAR,,,,,,,,,,,,
1450010,770766,3,Driver,,False,False,M,AIR BAG NOT DEPLOYED,G,OCCUPANT LAP SHOULDER HARNESS USED,CELL PHONE NOT IN USE,NONE APPARENT,,S,I-280,65.0,H,SLOWING/STOPPING,A,HAD NOT BEEN DRINKING,,,M,MALE,81.0,C,CA,A,ASIAN,1.0,PassengerCarStationWagonJeep,2009.0,LEXU,ES350,SIL,,,,,,,,,,,,
1450009,770766,2,Driver,,False,False,M,AIR BAG NOT DEPLOYED,G,OCCUPANT LAP SHOULDER HARNESS USED,CELL PHONE NOT IN USE,NONE APPARENT,,S,I-280,65.0,H,SLOWING/STOPPING,A,HAD NOT BEEN DRINKING,,,M,MALE,51.0,C,CA,A,ASIAN,7.0,SportUtilityVehicle,2015.0,BMW,X19,WHI,,,,,,,,,,,,
1450008,770766,1,Driver,True,False,False,L,AIR BAG DEPLOYED,G,OCCUPANT LAP SHOULDER HARNESS USED,CELL PHONE NOT IN USE,NONE APPARENT,,S,I-280,65.0,B,PROCEEDING STRAIGHT,A,HAD NOT BEEN DRINKING,,,M,MALE,32.0,C,CA,O,OTHER,1.0,PassengerCarStationWagonJeep,2016.0,VOLK,Passat,WHI,,,,,,,,,,,,
1449565,770541,2,Driver,,False,False,M,AIR BAG NOT DEPLOYED,G,OCCUPANT LAP SHOULDER HARNESS USED,CELL PHONE NOT IN USE,NONE APPARENT,,S,US-101,65.0,H,SLOWING/STOPPING,A,HAD NOT BEEN DRINKING,,,M,MALE,34.0,F,WA,A,ASIAN,1.0,PassengerCarStationWagonJeep,2009.0,AUDI,A4,GRY,,,,,,,,,,,,
1449564,770541,1,Driver,True,False,False,M,AIR BAG NOT DEPLOYED,G,OCCUPANT LAP SHOULDER HARNESS USED,CELL PHONE NOT IN USE,NONE APPARENT,,S,US-101,65.0,H,SLOWING/STOPPING,A,HAD NOT BEEN DRINKING,,,M,MALE,44.0,C,CA,A,ASIAN,1.0,PassengerCarStationWagonJeep,1996.0,HOND,Civic,WHI,,,,,,,,,,,,