PartyId,CollisionId,PartyNumber,PartyType,IsAtFault,IsOnDutyEmergencyVehicle,IsHitAndRun,AirbagCode,AirbagDescription,SafetyEquipmentCode,SafetyEquipmentDescription,Special Information,Other Associate Factor,Inattention,DirectionOfTravel,StreetOrHighwayName,SpeedLimit,MovementPrecCollCode,MovementPrecCollDescription,SobrietyDrugPhysicalCode1,SobrietyDrugPhysicalDescription1,SobrietyDrugPhysicalCode2,SobrietyDrugPhysicalDescription2,GenderCode,GenderDescription,StatedAge,DriverLicenseClass,DriverLicenseStateCode,RaceCode,RaceDesc,Vehicle1TypeId, Vehicle1TypeDesc, Vehicle1Year,Vehicle1Make,Vehicle1Model,Vehicle1Color,V1IsVehicleTowed,Vehicle2TypeId, Vehicle2TypeDesc, Vehicle2Year,Vehicle2Make,Vehicle2Model,Vehicle2Color,V2IsVehicleTowed,Lane,ThruLanes,TotalLanes,IsDREConducted
1496510,794627,1,Driver,True,False,False,L,AIR BAG DEPLOYED,G,OCCUPANT LAP SHOULDER HARNESS USED,CELL PHONE NOT IN USE,NONE APPARENT,,N,I-680,65.0,B,PROCEEDING STRAIGHT,A,HAD NOT BEEN DRINKING,,,M,MALE,58.0,C,CA,H,HISPANIC,1.0,PassengerCarStationWagonJeep,2016.0,FORD,Mustang,WHI,,,,,,,,,,,,
1496504,794623,4,Driver,,False,False,M,AIR BAG NOT DEPLOYED,G,OCCUPANT LAP SHOULDER HARNESS USED,CELL PHONE NOT IN USE,NONE APPARENT,,S,I-880,65.0,B,PROCEEDING STRAIGHT,A,HAD NOT BEEN DRINKING,,,M,MALE,36.0,C,CA,O,OTHER,1.0,PassengerCarStationWagonJeep,2014.0,NISS,Altima,SIL,,,,,,,,,,,,
1496503,794623,3,Driver,,False,False,M,AIR BAG NOT DEPLOYED,G,OCCUPANT LAP SHOULDER HARNESS USED,CELL PHONE NOT IN USE,NONE APPARENT,,S,I-880,65.0,H,SLOWING/STOPPING,A,HAD NOT BEEN DRINKING,,,F,FEMALE,52.0,C,CA,A,ASIAN,1.0,PassengerCarStationWagonJeep,2017.0,TOYO,Camry,GRY,,,,,,,,,,,,
1496502,794623,2,Driver,,False,False,L,AIR BAG DEPLOYED,G,OCCUPANT LAP SHOULDER HARNESS USED,CELL PHONE NOT IN USE,NONE APPARENT,,S,I-880,65.0,H,SLOWING/STOPPING,A,HAD NOT BEEN DRINKING,,,M,MALE,37.0,C,CA,O,OTHER,1.0,PassengerCarStationWagonJeep,2013.0,HONDA,Accord,BLK,,,,,,,,,,,,
1496501,794623,1,Driver,True,False,False,L,AIR BAG DEPLOYED,G,OCCUPANT LAP SHOULDER HARNESS USED,CELL PHONE NOT IN USE,NONE APPARENT,,S,I-880,65.0,B,PROCEEDING STRAIGHT,A,HAD NOT BEEN DRINKING,,,F,FEMALE,58.0,F,GT,H,HISPANIC,22.0,PickupsAndPanels,2007.0,FORD ,F-150,GRY,,,,,,,,,,,,
1496257,794489,1,Driver,True,False,False,M,AIR BAG NOT DEPLOYED,G,OCCUPANT LAP SHOULDER HARNESS USED,CELL PHONE NOT IN USE,NONE APPARENT,,N,I-280,65.0,B,PROCEEDING STRAIGHT,A,HAD NOT BEEN DRINKING,,,M,MALE,30.0,C,CA,A,ASIAN,1.0,PassengerCarStationWagonJeep,2009.0,SCIO,XD,GRN,,,,,,,,,,,,
1496247,794483,2,Driver,,False,False,M,AIR BAG NOT DEPLOYED,G,OCCUPANT LAP SHOULDER HARNESS USED,CELL PHONE NOT IN USE,NONE APPARENT,,N,SR-87,65.0,B,PROCEEDING STRAIGHT,A,HAD NOT BEEN DRINKING,,,M,MALE,58.0,C,CA,H,HISPANIC,7.0,SportUtilityVehicle,2006.0,LEXUS,RX400h,BLU,,,,,,,,,,,,
1496246,794483,1,Driver,True,False,False,M,AIR BAG NOT DEPLOYED,G,OCCUPANT LAP SHOULDER HARNESS USED,CELL PHONE NOT IN USE,NONE APPARENT,,N,SR-87,65.0,B,PROCEEDING STRAIGHT,A,HAD NOT BEEN DRINKING,,,M,MALE,57.0,C,CA,B,BLACK,1.0,PassengerCarStationWagonJeep,2008.0,BMW,550i,BLK,,,,,,,,,,,,
1496238,794478,2,Driver,,False,False,M,AIR BAG NOT DEPLOYED,G,OCCUPANT LAP SHOULDER HARNESS USED,CELL PHONE NOT IN USE,STOP & GO TRAFFIC,,S,US101,65.0,H,SLOWING/STOPPING,A,HAD NOT BEEN DRINKING,,,F,FEMALE,48.0,C,CA,O,OTHER,1.0,PassengerCarStationWagonJeep,2013.0,LEXU,ES300H,BLK,,,,,,,,,,,,
1496237,794478,1,Driver,True,False,True,B,UNKNOWN,B,OCCUPANT UNKNOWN,CELL PHONE NOT IN USE,STOP & GO TRAFFIC / NONE APPARENT,,S,US101,65.0,B,PROCEEDING STRAIGHT,G,IMPAIRMENT_NOT_KNOWN,,,X,NON-BINARY,,,,,,99.0,OtherUnknownHitAndRunDriver,,,,,,,,,,,,,,,,
1496119,794422,2,Driver,,False,False,L,AIR BAG DEPLOYED,G,OCCUPANT LAP SHOULDER HARNESS USED,CELL PHONE NOT IN USE,NONE APPARENT,,S,I-280,65.0,B,PROCEEDING STRAIGHT,A,HAD NOT BEEN DRINKING,,,F,FEMALE,43.0,C,CA,O,OTHER,7.0,SportUtilityVehicle,1999.0,MITS,Montero,BLK,,,,,,,,,,,,
1496118,794422,1,Driver,True,False,False,L,AIR BAG DEPLOYED,G,OCCUPANT LAP SHOULDER HARNESS USED,CELL PHONE NOT IN USE,VC SECTION VIOLATED - 22107,,S,I-280,65.0,R,OTHER,B,HBD-UNDER INFLUENCE,,,M,MALE,42.0,C,CA,B,BLACK,7.0,SportUtilityVehicle,2007.0,JEEP,Grand Cherokee,GRY,,,,,,,,,,,,
1495625,794173,1,Driver,True,False,False,M,AIR BAG NOT DEPLOYED,G,OCCUPANT LAP SHOULDER HARNESS USED,CELL PHONE NOT IN USE,VC SECTION VIOLATED - 22107 / NONE APPARENT,,N,I-680,65.0,R,OTHER,B,HBD-UNDER INFLUENCE,,,M,MALE,21.0,C,CA,H,HISPANIC,1.0,PassengerCarStationWagonJeep,2014.0,TOYO,Camry,BLU,,,,,,,,,,,,
1495573,794149,2,Driver,,False,False,M,AIR BAG NOT DEPLOYED,G,OCCUPANT LAP SHOULDER HARNESS USED,CELL PHONE NOT IN USE,NONE APPARENT,,N,I-880,65.0,B,PROCEEDING STRAIGHT,A,HAD NOT BEEN DRINKING,,,M,MALE,30.0,A,CA,W,WHITE,22.0,PickupsAndPanels,2017.0,FORD,F-550,WHI,,35.0,UtilityTrailer,2013.0,GRTNT,TRAILER,,,,,,
1495572,794149,1,Driver,True,False,False,M,AIR BAG NOT DEPLOYED,G,OCCUPANT LAP SHOULDER HARNESS USED,CELL PHONE NOT IN USE,NONE APPARENT,,N,I-880,65.0,R,OTHER,A,HAD NOT BEEN DRINKING,,,M,MALE,38.0,C,CA,H,HISPANIC,22.0,PickupsAndPanels,2003.0,CHEVROLE,3500,WHI,,,,,,,,,,,,
1495550,794134,1,Driver,True,False,False,L,AIR BAG DEPLOYED,G,OCCUPANT LAP SHOULDER HARNESS USED,CELL PHONE NOT IN USE,VC SECTION VIOLATED - 22107,,S,US101,65.0,R,OTHER,B,HBD-UNDER INFLUENCE,,,F,FEMALE,18.0,,,H,HISPANIC,1.0,PassengerCarStationWagonJeep,2007.0,TOYO,Corolla,WHT,,,,,,,,,,,,
1495255,793987,3,Driver,,False,False,M,AIR BAG NOT DEPLOYED,G,OCCUPANT LAP SHOULDER HARNESS USED,CELL PHONE NOT IN USE,NONE APPARENT,,N,SR-87,65.0,A,STOPPED,A,HAD NOT BEEN DRINKING,,,M,MALE,31.0,C,CA,O,OTHER,7.0,SportUtilityVehicle,2018.0,FORD,Explorer,SIL,,,,,,,,,,,,
1495254,793987,2,Driver,,False,False,M,AIR BAG NOT DEPLOYED,G,OCCUPANT LAP SHOULDER HARNESS USED,CELL PHONE NOT IN USE,NONE APPARENT,,N,SR-87,65.0,A,STOPPED,A,HAD NOT BEEN DRINKING,,,M,MALE,26.0,C,CA,O,OTHER,1.0,PassengerCarStationWagonJeep,2017.0,CHEV,VOLT,RED,,,,,,,,,,,,
1495253,793987,1,Driver,True,False,False,L,AIR BAG DEPLOYED,G,OCCUPANT LAP SHOULDER HARNESS USED,CELL PHONE NOT IN USE,NONE APPARENT,,N,SR-87,65.0,B,PROCEEDING STRAIGHT,A,HAD NOT BEEN DRINKING,,,F,FEMALE,33.0,C,CA,O,OTHER,1.0,PassengerCarStationWagonJeep,2014.0,MERB,C250,SIL,,,,,,,,,,,,
1495210,793967,3,Driver,,False,False,M,AIR BAG NOT DEPLOYED,G,OCCUPANT LAP SHOULDER HARNESS USED,CELL PHONE NOT IN USE,NONE APPARENT,,S,I-880 S/B,65.0,B,PROCEEDING STRAIGHT,A,HAD NOT BEEN DRINKING,,,M,MALE,48.0,C,CA,W,WHITE,1.0,PassengerCarStationWagonJeep,2015.0,HOND,Accord,GRY,,,,,,,,,,,,
1495209,793967,2,Driver,,False,False,M,AIR BAG NOT DEPLOYED,G,OCCUPANT LAP SHOULDER HARNESS USED,CELL PHONE NOT IN USE,NONE APPARENT,,S,I-880 S/B,65.0,B,PROCEEDING STRAIGHT,A,HAD NOT BEEN DRINKING,,,M,MALE,49.0,C,CA,O,OTHER,1.0,PassengerCarStationWagonJeep,2012.0,HONDA,Civic,GRA,,,,,,,,,,,,
1495208,793967,1,Driver,True,False,False,M,AIR BAG NOT DEPLOYED,G,OCCUPANT LAP SHOULDER HARNESS USED,CELL PHONE NOT IN USE,NONE APPARENT,,S,I-880 S/B,65.0,B,PROCEEDING STRAIGHT,G,IMPAIRMENT_NOT_KNOWN,,,M,MALE,46.0,U,CA,B,BLACK,22.0,PickupsAndPanels,1992.0,GMC,Sierra,WHI,,,,,,,,,,,,
1495194,793959,2,Driver,,False,False,M,AIR BAG NOT DEPLOYED,G,OCCUPANT LAP SHOULDER HARNESS USED,CELL PHONE NOT IN USE,NONE APPARENT,,N,SR-85,65.0,B,PROCEEDING STRAIGHT,A,HAD NOT BEEN DRINKING,,,M,MALE,63.0,C,CA,B,BLACK,8.0,MiniVan,2005.0,TOYT ,Sienna,BLU,,,,,,,,,,,,
1495193,793959,1,Driver,True,False,False,L,AIR BAG DEPLOYED,G,OCCUPANT LAP SHOULDER HARNESS USED,CELL PHONE NOT IN USE,NONE APPARENT,,N,SR-85,65.0,B,PROCEEDING STRAIGHT,A,HAD NOT BEEN DRINKING,,,M,MALE,48.0,C,CA,,,1.0,PassengerCarStationWagonJeep,2013.0,TOYT,SCION FRS,WHT,,,,,,,,,,,,
1495183,793954,2,Driver,,False,False,M,AIR BAG NOT DEPLOYED,G,OCCUPANT LAP SHOULDER HARNESS USED,CELL PHONE NOT IN USE,NONE APPARENT,,S,I-280,65.0,H,SLOWING/STOPPING,A,HAD NOT BEEN DRINKING,,,M,MALE,23.0,U,CA,H,HISPANIC,1.0,PassengerCarStationWagonJeep,1996.0,HOND,Civic,GRN,,,,,,,,,,,,
1495182,793954,1,Driver,True,False,False,M,AIR BAG NOT DEPLOYED,G,OCCUPANT LAP SHOULDER HARNESS USED,CELL PHONE NOT IN USE,NONE APPARENT,,S,I-280,65.0,B,PROCEEDING STRAIGHT,A,HAD NOT BEEN DRINKING,,,M,MALE,41.0,C,CA,W,WHITE,1.0,PassengerCarStationWagonJeep,2005.0,TOYO,Corolla,SIL,,,,,,,,,,,,
1495179,793952,1,Driver,True,False,False,L,AIR BAG DEPLOYED,G,OCCUPANT LAP SHOULDER HARNESS USED,CELL PHONE NOT IN USE,VC SECTION VIOLATED - 22107,,N,US101,65.0,R,OTHER,B,HBD-UNDER INFLUENCE,,,F,FEMALE,45.0,U,CA,H,HISPANIC,1.0,PassengerCarStationWagonJeep,2000.0,MERZ,E320,BLK,,,,,,,,,,,,
1495160,793943,2,Driver,,False,False,M,AIR BAG NOT DEPLOYED,G,OCCUPANT LAP SHOULDER HARNESS USED,CELL PHONE NOT IN USE,NONE APPARENT,,N,US101,65.0,H,SLOWING/STOPPING,A,HAD NOT BEEN DRINKING,,,F,FEMALE,48.0,C,CA,W,WHITE,1.0,PassengerCarStationWagonJeep,1998.0,TOYO,Corolla,MAR,,,,,,,,,,,,
1495159,793943,1,Driver,True,False,True,B,UNKNOWN,B,OCCUPANT UNKNOWN,CELL PHONE NOT IN USE,NONE APPARENT,,N,US101,65.0,B,PROCEEDING STRAIGHT,G,IMPAIRMENT_NOT_KNOWN,,,,,,,,,,99.0,OtherUnknownHitAndRunDriver,,UNKNOWN,,,,,,,,,,,,,,
1495016,793863,2,Driver,,False,False,M,AIR BAG NOT DEPLOYED,G,OCCUPANT LAP SHOULDER HARNESS USED,CELL PHONE NOT IN USE,NONE APPARENT,,S,I-680,65.0,A,STOPPED,A,HAD NOT BEEN DRINKING,,,F,FEMALE,66.0,C,CA,A,ASIAN,1.0,PassengerCarStationWagonJeep,2010.0,TOYT,Matrix,BLU,,,,,,,,,,,,
1495015,793863,1,Driver,True,False,False,L,AIR BAG DEPLOYED,G,OCCUPANT LAP SHOULDER HARNESS USED,CELL PHONE NOT IN USE,NONE APPARENT,,S,I-680,65.0,B,PROCEEDING STRAIGHT,A,HAD NOT BEEN DRINKING,,,M,MALE,32.0,C,CA,W,WHITE,1.0,PassengerCarStationWagonJeep,2005.0,MAZD,Mazda 6,GRY,,,,,,,,,,,,
1494772,793744,1,Driver,True,False,False,L,AIR BAG DEPLOYED,G,OCCUPANT LAP SHOULDER HARNESS USED,CELL PHONE NOT IN USE,VC SECTION VIOLATED - 22107,,S,I-280,65.0,R,OTHER,A,HAD NOT BEEN DRINKING,,,M,MALE,23.0,C,CA,O,OTHER,1.0,PassengerCarStationWagonJeep,2016.0,NISS,Altima,BLK,,,,,,,,,,,,
1494771,793743,2,Driver,,False,False,M,AIR BAG NOT DEPLOYED,G,OCCUPANT LAP SHOULDER HARNESS USED,CELL PHONE NOT IN USE,NONE APPARENT,,N,SR-87,65.0,B,PROCEEDING STRAIGHT,A,HAD NOT BEEN DRINKING,,,F,FEMALE,30.0,C,CA,H,HISPANIC,22.0,PickupsAndPanels,2016.0,TOYO,Tacoma,WHI,,,,,,,,,,,,
1494770,793743,1,Driver,,False,False,M,AIR BAG NOT DEPLOYED,G,OCCUPANT LAP SHOULDER HARNESS USED,CELL PHONE NOT IN USE,NONE APPARENT,,N,SR-87,65.0,B,PROCEEDING STRAIGHT,A,HAD NOT BEEN DRINKING,,,M,MALE,24.0,C,CA,H,HISPANIC,1.0,PassengerCarStationWagonJeep,2003.0,HONDA,Accord,SIL,,,,,,,,,,,,
1494687,793699,4,Driver,,False,False,M,AIR BAG NOT DEPLOYED,G,OCCUPANT LAP SHOULDER HARNESS USED,CELL PHONE NOT IN USE,STOP & GO TRAFFIC,,S,I-680,65.0,A,STOPPED,A,HAD NOT BEEN DRINKING,,,F,FEMALE,37.0,C,CA,B,BLACK,1.0,PassengerCarStationWagonJeep,2015.0,HYUN,Sonata,BLK,,,,,,,,,,,,
1494686,793699,3,Driver,,False,False,M,AIR BAG NOT DEPLOYED,G,OCCUPANT LAP SHOULDER HARNESS USED,CELL PHONE NOT IN USE,STOP & GO TRAFFIC,,S,I-680,65.0,A,STOPPED,A,HAD NOT BEEN DRINKING,,,M,MALE,40.0,C,CA,A,ASIAN,1.0,PassengerCarStationWagonJeep,2000.0,HOND,Accord,DBL,,,,,,,,,,,,
1494685,793699,2,Driver,,False,False,M,AIR BAG NOT DEPLOYED,G,OCCUPANT LAP SHOULDER HARNESS USED,CELL PHONE NOT IN USE,STOP & GO TRAFFIC,,S,I-680,65.0,H,SLOWING/STOPPING,A,HAD NOT BEEN DRINKING,,,F,FEMALE,,C,CA,H,HISPANIC,7.0,SportUtilityVehicle,2015.0,JEEP,Compass,DBL,,,,,,,,,,,,
1494684,793699,1,Driver,True,False,False,L,AIR BAG DEPLOYED,G,OCCUPANT LAP SHOULDER HARNESS USED,CELL PHONE NOT IN USE,STOP & GO TRAFFIC,,S,I-680,65.0,B,PROCEEDING STRAIGHT,A,HAD NOT BEEN DRINKING,,,F,FEMALE,35.0,C,CA,A,ASIAN,8.0,MiniVan,2008.0,KIA,Rondo,GLD,,,,,,,,,,,,
1494663,793685,1,Driver,,False,False,M,AIR BAG NOT DEPLOYED,G,OCCUPANT LAP SHOULDER HARNESS USED,CELL PHONE NOT IN USE,NONE APPARENT,,N,I-680,65.0,B,PROCEEDING STRAIGHT,A,HAD NOT BEEN DRINKING,,,F,FEMALE,26.0,C,CA,H,HISPANIC,1.0,PassengerCarStationWagonJeep,2009.0,LEXS,IS250,RED,,,,,,,,,,,,
1493650,793179,2,Driver,,False,False,L,AIR BAG DEPLOYED,G,OCCUPANT LAP SHOULDER HARNESS USED,CELL PHONE NOT IN USE,NONE APPARENT,,N,I-680,65.0,B,PROCEEDING STRAIGHT,A,HAD NOT BEEN DRINKING,,,M,MALE,26.0,U,CA,B,BLACK,1.0,PassengerCarStationWagonJeep,2013.0,HYUN,Sonata,GRY,,,,,,,,,,,,
1493649,793179,1,Driver,True,False,False,L,AIR BAG DEPLOYED,G,OCCUPANT LAP SHOULDER HARNESS USED,CELL PHONE NOT IN USE,NONE APPARENT,,N,I-680,65.0,R,OTHER,A,HAD NOT BEEN DRINKING,,,F,FEMALE,36.0,C,CA,A,ASIAN,7.0,SportUtilityVehicle,2004.0,HOND,Pilot,GLD,,,,,,,,,,,,
1493623,793167,2,Driver,,False,False,M,AIR BAG NOT DEPLOYED,G,OCCUPANT LAP SHOULDER HARNESS USED,CELL PHONE NOT IN USE,NONE APPARENT,,N,US101,65.0,H,SLOWING/STOPPING,A,HAD NOT BEEN DRINKING,,,M,MALE,38.0,C,CA,W,WHITE,22.0,PickupsAndPanels,2017.0,FORD,F150,WHI,,,,,,,,,,,,
1493622,793167,1,Driver,True,False,True,B,UNKNOWN,B,OCCUPANT UNKNOWN,CELL PHONE NOT IN USE,NONE APPARENT,,N,US101,65.0,B,PROCEEDING STRAIGHT,G,IMPAIRMENT_NOT_KNOWN,,,,,,,,,,99.0,OtherUnknownHitAndRunDriver,,,,,,,,,,,,,,,,
1514017,803976,2,Driver,,False,False,L,AIR BAG DEPLOYED,G,OCCUPANT LAP SHOULDER HARNESS USED,CELL PHONE NOT IN USE,NONE APPARENT,,S,US101,65.0,B,PROCEEDING STRAIGHT,A,HAD NOT BEEN DRINKING,,,F,FEMALE,57.0,C,CA,A,ASIAN,1.0,PassengerCarStationWagonJeep,2007.0,HOND,Accord,GRY,,,,,,,,,,,,
1514016,803976,1,Driver,True,False,False,M,AIR BAG NOT DEPLOYED,G,OCCUPANT LAP SHOULDER HARNESS USED,CELL PHONE NOT IN USE,VC SECTION VIOLATED - 22107,,S,US101,65.0,R,OTHER,B,HBD-UNDER INFLUENCE,,,M,MALE,,C,CA,B,BLACK,1.0,PassengerCarStationWagonJeep,2017.0,NISS,Sentra,WHI,,,,,,,,,,,,
1513664,803786,6,Driver,,False,False,L,AIR BAG DEPLOYED,G,OCCUPANT LAP SHOULDER HARNESS USED,CELL PHONE NOT IN USE,VC SECTION VIOLATED - 22350 / PREVIOUS COLLISION,,S,SR-85,65.0,B,PROCEEDING STRAIGHT,A,HAD NOT BEEN DRINKING,,,M,MALE,40.0,C,CA,W,WHITE,1.0,PassengerCarStationWagonJeep,2013.0,HOND,Civic,BLK,,,,,,,,,,,,
1513663,803786,5,Driver,,False,False,L,AIR BAG DEPLOYED,G,OCCUPANT LAP SHOULDER HARNESS USED,CELL PHONE NOT IN USE,VC SECTION VIOLATED - 22350 / PREVIOUS COLLISION,,S,SR-85,65.0,B,PROCEEDING STRAIGHT,A,HAD NOT BEEN DRINKING,,,M,MALE,46.0,C,CA,W,WHITE,1.0,PassengerCarStationWagonJeep,2006.0,HONDA,CRV,SIL,,,,,,,,,,,,
1513662,803786,4,Driver,,False,False,M,AIR BAG NOT DEPLOYED,G,OCCUPANT LAP SHOULDER HARNESS USED,CELL PHONE NOT IN USE,NONE APPARENT,,S,SR-85,65.0,H,SLOWING/STOPPING,A,HAD NOT BEEN DRINKING,,,F,FEMALE,31.0,C,CA,W,WHITE,1.0,PassengerCarStationWagonJeep,2015.0,TOYO,Prius,GRN,,,,,,,,,,,,
1513661,803786,3,Driver,,False,False,L,AIR BAG DEPLOYED,G,OCCUPANT LAP SHOULDER HARNESS USED,CELL PHONE NOT IN USE,NONE APPARENT,,S,SR-85,65.0,H,SLOWING/STOPPING,A,HAD NOT BEEN DRINKING,,,F,FEMALE,20.0,C,CA,H,HISPANIC,1.0,PassengerCarStationWagonJeep,2014.0,TOYO,Corolla,GRY,,,,,,,,,,,,
1513660,803786,2,Driver,,False,False,M,AIR BAG NOT DEPLOYED,G,OCCUPANT LAP SHOULDER HARNESS USED,CELL PHONE NOT IN USE,NONE APPARENT,,S,SR-85,65.0,H,SLOWING/STOPPING,A,HAD NOT BEEN DRINKING,,,F,FEMALE,22.0,C,CA,O,OTHER,1.0,PassengerCarStationWagonJeep,2006.0,VOLV,S40,BLK,,,,,,,,,,,,
1513659,803786,1,Driver,True,False,False,L,AIR BAG DEPLOYED,G,OCCUPANT LAP SHOULDER HARNESS USED,CELL PHONE NOT IN USE,NONE APPARENT,,S,SR-85,65.0,B,PROCEEDING STRAIGHT,A,HAD NOT BEEN DRINKING,,,M,MALE,61.0,C,CA,W,WHITE,1.0,PassengerCarStationWagonJeep,2018.0,CHRY,300,GRY,,,,,,,,,,,,
1513653,803782,2,Driver,,False,False,M,AIR BAG NOT DEPLOYED,G,OCCUPANT LAP SHOULDER HARNESS USED,CELL PHONE NOT IN USE,NONE APPARENT,,N,SR-85,65.0,H,SLOWING/STOPPING,A,HAD NOT BEEN DRINKING,,,F,FEMALE,54.0,C,CA,W,WHITE,7.0,SportUtilityVehicle,2011.0,FORD,Expedition,BLK,,,,,,,,,,,,
1513652,803782,1,Driver,True,False,False,M,AIR BAG NOT DEPLOYED,G,OCCUPANT LAP SHOULDER HARNESS USED,CELL PHONE NOT IN USE,NONE APPARENT,,N,SR-85,65.0,B,PROCEEDING STRAIGHT,A,HAD NOT BEEN DRINKING,,,F,FEMALE,24.0,C,CA,A,ASIAN,8.0,MiniVan,2000.0,TOYO,Sienna,GLD,,,,,,,,,,,,
1513452,803686,2,Driver,,False,False,M,AIR BAG NOT DEPLOYED,G,OCCUPANT LAP SHOULDER HARNESS USED,CELL PHONE NOT IN USE,NONE APPARENT,,S,I-280,65.0,B,PROCEEDING STRAIGHT,A,HAD NOT BEEN DRINKING,,,M,MALE,34.0,C,CA,W,WHITE,1.0,PassengerCarStationWagonJeep,2008.0,TOYT,Yaris,BLU,,,,,,,,,,,,
1513451,803686,1,Driver,True,False,False,M,AIR BAG NOT DEPLOYED,G,OCCUPANT LAP SHOULDER HARNESS USED,CELL PHONE NOT IN USE,NONE APPARENT,,S,I-280,65.0,J,CHANGING LANES,A,HAD NOT BEEN DRINKING,,,M,MALE,23.0,C,CA,W,WHITE,1.0,PassengerCarStationWagonJeep,1985.0,VOLV,24S,BLU,,,,,,,,,,,,
1513260,803598,1,Driver,,False,False,M,AIR BAG NOT DEPLOYED,G,OCCUPANT LAP SHOULDER HARNESS USED,CELL PHONE NOT IN USE,NONE APPARENT,,S,US101,65.0,B,PROCEEDING STRAIGHT,A,HAD NOT BEEN DRINKING,,,M,MALE,21.0,C,CA,H,HISPANIC,1.0,PassengerCarStationWagonJeep,2008.0,INFI,G37,GRY,,,,,,,,,,,,
1513249,803591,2,Driver,,False,False,M,AIR BAG NOT DEPLOYED,G,OCCUPANT LAP SHOULDER HARNESS USED,CELL PHONE NOT IN USE,NONE APPARENT,,N,SR-87,65.0,J,CHANGING LANES,A,HAD NOT BEEN DRINKING,,,M,MALE,41.0,C,CA,W,WHITE,1.0,PassengerCarStationWagonJeep,2015.0,MAZD,3  ,GRY,,,,,,,,,,,,
1513248,803591,1,Driver,,False,False,M,AIR BAG NOT DEPLOYED,G,OCCUPANT LAP SHOULDER HARNESS USED,CELL PHONE NOT IN USE,NONE APPARENT,,N,SR-87,65.0,J,CHANGING LANES,A,HAD NOT BEEN DRINKING,,,F,FEMALE,48.0,C,CA,A,ASIAN,1.0,PassengerCarStationWagonJeep,2013.0,HOND,CROSSTOUR,GRY,,,,,,,,,,,,
1513109,803521,2,Driver,,False,False,P,NOT REQUIRED,W,MOTOR BICYCLE DRIVER WITH HELMET,CELL PHONE NOT IN USE,NONE APPARENT,,N,US101,65.0,B,PROCEEDING STRAIGHT,A,HAD NOT BEEN DRINKING,,,M,MALE,65.0,M,CA,A,ASIAN,2.0,Motorcycle,2002.0,YAMA,FZS10,BLU,,,,,,,,,,,,
1513108,803521,1,Driver,True,False,False,M,AIR BAG NOT DEPLOYED,G,OCCUPANT LAP SHOULDER HARNESS USED,CELL PHONE NOT IN USE,NONE APPARENT,,N,US101,65.0,R,OTHER,A,HAD NOT BEEN DRINKING,,,M,MALE,28.0,C,CA,A,ASIAN,1.0,PassengerCarStationWagonJeep,2016.0,CHEV,Malibu,GRY,,,,,,,,,,,,
1513042,803488,3,Driver,,False,False,M,AIR BAG NOT DEPLOYED,G,OCCUPANT LAP SHOULDER HARNESS USED,CELL PHONE NOT IN USE,NONE APPARENT,,N,US101,65.0,B,PROCEEDING STRAIGHT,A,HAD NOT BEEN DRINKING,,,F,FEMALE,41.0,C,CA,O,OTHER,7.0,SportUtilityVehicle,2018.0,MAZDA,CX-9,RED,,,,,,,,,,,,
1513041,803488,2,Driver,,False,False,M,AIR BAG NOT DEPLOYED,G,OCCUPANT LAP SHOULDER HARNESS USED,CELL PHONE NOT IN USE,NONE APPARENT,,N,US101,65.0,B,PROCEEDING STRAIGHT,A,HAD NOT BEEN DRINKING,,,F,FEMALE,30.0,M,CA,H,HISPANIC,1.0,PassengerCarStationWagonJeep,2017.0,CHEVROLE,CRUZE,BLK,,,,,,,,,,,,
1513040,803488,1,Driver,True,False,True,B,UNKNOWN,B,OCCUPANT UNKNOWN,CELL PHONE NOT IN USE,NONE APPARENT,,N,US101,65.0,B,PROCEEDING STRAIGHT,D,HBD-IMPAIRMENT UNKNOWN,,,,,,,,,,99.0,OtherUnknownHitAndRunDriver,,,,,,,,,,,,,,,,
1513001,803467,1,Driver,True,False,False,M,AIR BAG NOT DEPLOYED,G,OCCUPANT LAP SHOULDER HARNESS USED,CELL PHONE NOT IN USE,NONE APPARENT,,N,US101,65.0,B,PROCEEDING STRAIGHT,A,HAD NOT BEEN DRINKING,,,M,MALE,29.0,C,CA,A,ASIAN,1.0,PassengerCarStationWagonJeep,2003.0,BMW,330i,SIL,,,,,,,,,,,,
1512950,803443,2,Driver,,False,False,M,AIR BAG NOT DEPLOYED,G,OCCUPANT LAP SHOULDER HARNESS USED,CELL PHONE NOT IN USE,NONE APPARENT,,S,I-880 SB FROM THE ALAMEDA,65.0,A,STOPPED,A,HAD NOT BEEN DRINKING,,,F,FEMALE,50.0,C,CA,H,HISPANIC,1.0,PassengerCarStationWagonJeep,2015.0,MAZD,MAZDA 3,WHI,,,,,,,,,,,,