PartyId,CollisionId,PartyNumber,PartyType,IsAtFault,IsOnDutyEmergencyVehicle,IsHitAndRun,AirbagCode,AirbagDescription,SafetyEquipmentCode,SafetyEquipmentDescription,Special Information,Other Associate Factor,Inattention,DirectionOfTravel,StreetOrHighwayName,SpeedLimit,MovementPrecCollCode,MovementPrecCollDescription,SobrietyDrugPhysicalCode1,SobrietyDrugPhysicalDescription1,SobrietyDrugPhysicalCode2,SobrietyDrugPhysicalDescription2,GenderCode,GenderDescription,StatedAge,DriverLicenseClass,DriverLicenseStateCode,RaceCode,RaceDesc,Vehicle1TypeId, Vehicle1TypeDesc, Vehicle1Year,Vehicle1Make,Vehicle1Model,Vehicle1Color,V1IsVehicleTowed,Vehicle2TypeId, Vehicle2TypeDesc, Vehicle2Year,Vehicle2Make,Vehicle2Model,Vehicle2Color,V2IsVehicleTowed,Lane,ThruLanes,TotalLanes,IsDREConducted
1569360,832218,1,Driver,True,False,False,M,AIR BAG NOT DEPLOYED,G,OCCUPANT LAP SHOULDER HARNESS USED,CELL PHONE NOT IN USE,NONE APPARENT,,N,US-101,65.0,J,CHANGING LANES,A,HAD NOT BEEN DRINKING,,,M,MALE,41.0,C,CA,H,HISPANIC,1.0,PassengerCarStationWagonJeep,2014.0,CHEVY,VOLT,WHI,,,,,,,,,,,,
1569319,832198,2,Driver,,False,False,M,AIR BAG NOT DEPLOYED,G,OCCUPANT LAP SHOULDER HARNESS USED,CELL PHONE NOT IN USE,NONE APPARENT,,S,US-101,65.0,B,PROCEEDING STRAIGHT,A,HAD NOT BEEN DRINKING,,,M,MALE,59.0,C,CA,O,OTHER,1.0,PassengerCarStationWagonJeep,2017.0,CHEV,VOLT,WHI,,,,,,,,,,,,
1569318,832198,1,Driver,True,False,False,L,AIR BAG DEPLOYED,G,OCCUPANT LAP SHOULDER HARNESS USED,CELL PHONE NOT IN USE,VC SECTION VIOLATED - 21658(a),,S,US-101,65.0,J,CHANGING LANES,B,HBD-UNDER INFLUENCE,,,F,FEMALE,37.0,U,CA,H,HISPANIC,1.0,PassengerCarStationWagonJeep,2015.0,HOND,Accord,WHI,,,,,,,,,,,,
1569313,832195,1,Driver,True,False,False,M,AIR BAG NOT DEPLOYED,G,OCCUPANT LAP SHOULDER HARNESS USED,CELL PHONE NOT IN USE,NONE APPARENT,,N,I-280,65.0,R,OTHER,C,HBD-NOT UNDER INFLUENCE,,,M,MALE,27.0,C,CA,H,HISPANIC,1.0,PassengerCarStationWagonJeep,2003.0,HOND,Accord,PLE,,,,,,,,,,,,
1569263,832172,2,Driver,,False,False,M,AIR BAG NOT DEPLOYED,G,OCCUPANT LAP SHOULDER HARNESS USED,CELL PHONE NOT IN USE,STOP & GO TRAFFIC,,S,I-880,65.0,A,STOPPED,A,HAD NOT BEEN DRINKING,,,M,MALE,38.0,C,CA,H,HISPANIC,22.0,PickupsAndPanels,2000.0,FORD,F250,ORG,,,,,,,,,,,,
1569262,832172,1,Driver,True,False,False,M,AIR BAG NOT DEPLOYED,G,OCCUPANT LAP SHOULDER HARNESS USED,CELL PHONE NOT IN USE,STOP & GO TRAFFIC,,S,I-880,65.0,B,PROCEEDING STRAIGHT,A,HAD NOT BEEN DRINKING,,,M,MALE,22.0,C,CA,H,HISPANIC,8.0,MiniVan,2008.0,FORD,E700,WHI,,,,,,,,,,,,
1569238,832159,3,Driver,,False,False,M,AIR BAG NOT DEPLOYED,G,OCCUPANT LAP SHOULDER HARNESS USED,CELL PHONE NOT IN USE,NONE APPARENT,,S,I-280,65.0,A,STOPPED,A,HAD NOT BEEN DRINKING,,,M,MALE,21.0,C,CA,W,WHITE,1.0,PassengerCarStationWagonJeep,2018.0,HONDA,Civic,GRY,,,,,,,,,,,,
1569237,832159,2,Driver,,False,False,M,AIR BAG NOT DEPLOYED,G,OCCUPANT LAP SHOULDER HARNESS USED,CELL PHONE NOT IN USE,NONE APPARENT,,S,I-280,65.0,A,STOPPED,A,HAD NOT BEEN DRINKING,,,M,MALE,62.0,C,CA,H,HISPANIC,22.0,PickupsAndPanels,2016.0,TOYO,Tacoma,BLK,,,,,,,,,,,,
1569236,832159,1,Driver,True,False,False,M,AIR BAG NOT DEPLOYED,G,OCCUPANT LAP SHOULDER HARNESS USED,CELL PHONE NOT IN USE,NONE APPARENT,,S,I-280,65.0,B,PROCEEDING STRAIGHT,A,HAD NOT BEEN DRINKING,,,M,MALE,54.0,C,CA,W,WHITE,22.0,PickupsAndPanels,1994.0,FORD,F150,BLK,,,,,,,,,,,,
1569228,832155,2,Driver,,False,False,M,AIR BAG NOT DEPLOYED,G,OCCUPANT LAP SHOULDER HARNESS USED,CELL PHONE NOT IN USE,NONE APPARENT,,N,I-880,65.0,B,PROCEEDING STRAIGHT,A,HAD NOT BEEN DRINKING,,,F,FEMALE,56.0,C,CA,W,WHITE,1.0,PassengerCarStationWagonJeep,2013.0,NISS,Versa,SIL,,,,,,,,,,,,
1569227,832155,1,Driver,True,False,False,M,AIR BAG NOT DEPLOYED,G,OCCUPANT LAP SHOULDER HARNESS USED,CELL PHONE NOT IN USE,NONE APPARENT,,N,I-880,65.0,B,PROCEEDING STRAIGHT,A,HAD NOT BEEN DRINKING,,,F,FEMALE,24.0,C,CA,B,BLACK,1.0,PassengerCarStationWagonJeep,2012.0,CHEV,Cruze,SIL,,,,,,,,,,,,
1569173,832126,2,Driver,,False,False,M,AIR BAG NOT DEPLOYED,G,OCCUPANT LAP SHOULDER HARNESS USED,CELL PHONE NOT IN USE,ENTERING OR LEAVING RAMP,,S,SR-85,65.0,A,STOPPED,A,HAD NOT BEEN DRINKING,,,F,FEMALE,44.0,C,CA,W,WHITE,22.0,PickupsAndPanels,2001.0,CHEV,Silverado,GRY,,,,,,,,,,,,
1569172,832126,1,Driver,True,False,False,M,AIR BAG NOT DEPLOYED,G,OCCUPANT LAP SHOULDER HARNESS USED,CELL PHONE NOT IN USE,ENTERING OR LEAVING RAMP,,S,SR-85,65.0,B,PROCEEDING STRAIGHT,A,HAD NOT BEEN DRINKING,,,F,FEMALE,40.0,C,CA,A,ASIAN,7.0,SportUtilityVehicle,2012.0,TOYOTA,RAV4,SIL,,,,,,,,,,,,
1569022,832050,1,Driver,True,False,False,L,AIR BAG DEPLOYED,G,OCCUPANT LAP SHOULDER HARNESS USED,CELL PHONE NOT IN USE,NONE APPARENT,,N,US101,65.0,R,OTHER,A,HAD NOT BEEN DRINKING,,,F,FEMALE,54.0,C,CA,A,ASIAN,7.0,SportUtilityVehicle,2003.0,FORD,Escape,SIL,,,,,,,,,,,,
1568982,832033,2,Driver,,False,False,M,AIR BAG NOT DEPLOYED,G,OCCUPANT LAP SHOULDER HARNESS USED,CELL PHONE NOT IN USE,NONE APPARENT,,S,SR-87,65.0,A,STOPPED,A,HAD NOT BEEN DRINKING,,,M,MALE,53.0,C,CA,O,OTHER,1.0,PassengerCarStationWagonJeep,2013.0,TOYT,Camry,GRY,,,,,,,,,,,,
1568981,832033,1,Driver,True,False,False,M,AIR BAG NOT DEPLOYED,G,OCCUPANT LAP SHOULDER HARNESS USED,CELL PHONE NOT IN USE,NONE APPARENT,,S,SR-87,65.0,B,PROCEEDING STRAIGHT,A,HAD NOT BEEN DRINKING,,,M,MALE,25.0,C,CA,H,HISPANIC,1.0,PassengerCarStationWagonJeep,2014.0,FORD,FIESTA,WHI,,,,,,,,,,,,
1568971,832027,2,Driver,,False,False,M,AIR BAG NOT DEPLOYED,G,OCCUPANT LAP SHOULDER HARNESS USED,CELL PHONE NOT IN USE,NONE APPARENT,,S,I-280,,A,STOPPED,A,HAD NOT BEEN DRINKING,,,M,MALE,66.0,C,CA,A,ASIAN,1.0,PassengerCarStationWagonJeep,2013.0,TOYO,Highlander,GRY,,,,,,,,,,,,
1568970,832027,1,Driver,True,False,False,M,AIR BAG NOT DEPLOYED,G,OCCUPANT LAP SHOULDER HARNESS USED,CELL PHONE NOT IN USE,NONE APPARENT,,S,I-280,,B,PROCEEDING STRAIGHT,A,HAD NOT BEEN DRINKING,,,M,MALE,32.0,C,CA,H,HISPANIC,1.0,PassengerCarStationWagonJeep,2012.0,TOYO,Camry,RED,,,,,,,,,,,,
1568939,832010,4,Driver,,False,False,M,AIR BAG NOT DEPLOYED,G,OCCUPANT LAP SHOULDER HARNESS USED,CELL PHONE NOT IN USE,NONE APPARENT,,S,I-280,65.0,A,STOPPED,A,HAD NOT BEEN DRINKING,,,M,MALE,43.0,C,CA,O,OTHER,7.0,SportUtilityVehicle,2013.0,LEXU,RX 450H,MAR,,,,,,,,,,,,
1568938,832010,3,Driver,,False,False,M,AIR BAG NOT DEPLOYED,G,OCCUPANT LAP SHOULDER HARNESS USED,CELL PHONE NOT IN USE,NONE APPARENT,,S,I-280,65.0,A,STOPPED,A,HAD NOT BEEN DRINKING,,,M,MALE,48.0,C,CA,O,OTHER,7.0,SportUtilityVehicle,2016.0,NISS,Rogue,WHI,,,,,,,,,,,,
1568937,832010,2,Driver,,False,False,M,AIR BAG NOT DEPLOYED,G,OCCUPANT LAP SHOULDER HARNESS USED,CELL PHONE NOT IN USE,NONE APPARENT,,S,I-280,65.0,A,STOPPED,A,HAD NOT BEEN DRINKING,,,F,FEMALE,27.0,C,CA,O,OTHER,1.0,PassengerCarStationWagonJeep,2018.0,VOLK,Jetta,GRY,,,,,,,,,,,,
1568936,832010,1,Driver,True,False,False,M,AIR BAG NOT DEPLOYED,G,OCCUPANT LAP SHOULDER HARNESS USED,CELL PHONE NOT IN USE,NONE APPARENT,,S,I-280,65.0,B,PROCEEDING STRAIGHT,A,HAD NOT BEEN DRINKING,,,M,MALE,29.0,,,H,HISPANIC,1.0,PassengerCarStationWagonJeep,2001.0,VOLK,Passat,BLU,,,,,,,,,,,,
1568925,832003,2,Driver,,False,False,M,AIR BAG NOT DEPLOYED,G,OCCUPANT LAP SHOULDER HARNESS USED,CELL PHONE NOT IN USE,STOP & GO TRAFFIC,,S,I-880,65.0,A,STOPPED,A,HAD NOT BEEN DRINKING,,,F,FEMALE,47.0,C,CA,A,ASIAN,8.0,MiniVan,2012.0,HONDA,Odyssey,BLU,,,,,,,,,,,,
1568924,832003,1,Driver,True,False,False,M,AIR BAG NOT DEPLOYED,G,OCCUPANT LAP SHOULDER HARNESS USED,CELL PHONE NOT IN USE,STOP & GO TRAFFIC,,S,I-880,65.0,B,PROCEEDING STRAIGHT,A,HAD NOT BEEN DRINKING,,,F,FEMALE,17.0,C,CA,W,WHITE,1.0,PassengerCarStationWagonJeep,1999.0,LEXUS,GS400,WHI,,,,,,,,,,,,
1568867,831971,2,Driver,,False,False,M,AIR BAG NOT DEPLOYED,G,OCCUPANT LAP SHOULDER HARNESS USED,CELL PHONE NOT IN USE,NONE APPARENT,,S,I-880,65.0,B,PROCEEDING STRAIGHT,A,HAD NOT BEEN DRINKING,,,M,MALE,40.0,C,CA,O,OTHER,7.0,SportUtilityVehicle,2018.0,TOYT,Highlander,WHI,,,,,,,,,,,,
1568866,831971,1,Driver,True,False,False,M,AIR BAG NOT DEPLOYED,G,OCCUPANT LAP SHOULDER HARNESS USED,CELL PHONE NOT IN USE,NONE APPARENT,,S,I-880,65.0,J,CHANGING LANES,A,HAD NOT BEEN DRINKING,,,F,FEMALE,49.0,C,CA,H,HISPANIC,1.0,PassengerCarStationWagonJeep,2010.0,VOLK,Jetta,GRY,,,,,,,,,,,,
1568858,831966,2,Other,,False,,,,,,,PREVIOUS COLLISION,,S,I-280,65.0,A,STOPPED,H,NOT APPLICABLE,,,,,,,,,,1.0,PassengerCarStationWagonJeep,2018.0,TSMR,MODEL 3 ,GRY,,,,,,,,,,,,
1568857,831966,1,Driver,True,False,False,L,AIR BAG DEPLOYED,G,OCCUPANT LAP SHOULDER HARNESS USED,CELL PHONE NOT IN USE,NONE APPARENT,,S,I-280,65.0,B,PROCEEDING STRAIGHT,A,HAD NOT BEEN DRINKING,,,M,MALE,30.0,C,CA,O,OTHER,1.0,PassengerCarStationWagonJeep,2010.0,TOYT,Corolla,BLU,,,,,,,,,,,,
1568825,831952,3,Driver,,False,False,M,AIR BAG NOT DEPLOYED,G,OCCUPANT LAP SHOULDER HARNESS USED,CELL PHONE NOT IN USE,STOP & GO TRAFFIC,,N,I-680,65.0,A,STOPPED,A,HAD NOT BEEN DRINKING,,,M,MALE,69.0,C,CA,A,ASIAN,7.0,SportUtilityVehicle,2008.0,NISS,Rogue,GRY,,,,,,,,,,,,
1568824,831952,2,Driver,,False,False,M,AIR BAG NOT DEPLOYED,G,OCCUPANT LAP SHOULDER HARNESS USED,CELL PHONE NOT IN USE,STOP & GO TRAFFIC,,N,I-680,65.0,A,STOPPED,A,HAD NOT BEEN DRINKING,,,M,MALE,40.0,C,CA,A,ASIAN,1.0,PassengerCarStationWagonJeep,2006.0,BMW,328 i,BLU,,,,,,,,,,,,
1568823,831952,1,Driver,True,False,False,P,NOT REQUIRED,G,OCCUPANT LAP SHOULDER HARNESS USED,CELL PHONE NOT IN USE,STOP & GO TRAFFIC,,N,I-680,65.0,B,PROCEEDING STRAIGHT,A,HAD NOT BEEN DRINKING,,,M,MALE,27.0,A,CA,H,HISPANIC,25.0,TruckTractor,2015.0,FRHT,CASCADIA,WHT/RED,,,,,,,,,,,,
1568802,831941,2,Driver,,False,False,M,AIR BAG NOT DEPLOYED,G,OCCUPANT LAP SHOULDER HARNESS USED,CELL PHONE NOT IN USE,NONE APPARENT,,N,SR-85,65.0,H,SLOWING/STOPPING,A,HAD NOT BEEN DRINKING,,,F,FEMALE,41.0,C,CA,A,ASIAN,1.0,PassengerCarStationWagonJeep,2012.0,HOND,Accord,GRY,,,,,,,,,,,,
1568801,831941,1,Driver,True,False,False,M,AIR BAG NOT DEPLOYED,G,OCCUPANT LAP SHOULDER HARNESS USED,CELL PHONE NOT IN USE,NONE APPARENT,,N,SR-85,65.0,B,PROCEEDING STRAIGHT,A,HAD NOT BEEN DRINKING,,,M,MALE,21.0,C,CA,W,WHITE,7.0,SportUtilityVehicle,2004.0,ACURA,MDX,GRY,,,,,,,,,,,,
1568711,831895,2,Driver,,False,False,M,AIR BAG NOT DEPLOYED,G,OCCUPANT LAP SHOULDER HARNESS USED,CELL PHONE NOT IN USE,NONE APPARENT,,W,Scott St,25.0,B,PROCEEDING STRAIGHT,A,HAD NOT BEEN DRINKING,,,M,MALE,27.0,C,CA,H,HISPANIC,1.0,PassengerCarStationWagonJeep,2018.0,TOYO,Camry,SIL,,,,,,,,,,,,
1568710,831895,1,Driver,True,False,False,M,AIR BAG NOT DEPLOYED,G,OCCUPANT LAP SHOULDER HARNESS USED,CELL PHONE NOT IN USE,NONE APPARENT,,N,Richmond Ave,25.0,B,PROCEEDING STRAIGHT,A,HAD NOT BEEN DRINKING,,,F,FEMALE,53.0,C,CA,A,ASIAN,1.0,PassengerCarStationWagonJeep,2009.0,MITSU,Galant,WHI,,,,,,,,,,,,
1568698,831889,2,Driver,,False,False,M,AIR BAG NOT DEPLOYED,G,OCCUPANT LAP SHOULDER HARNESS USED,CELL PHONE NOT IN USE,NONE APPARENT,,S,I-280,65.0,B,PROCEEDING STRAIGHT,A,HAD NOT BEEN DRINKING,,,M,MALE,42.0,C,CA,O,OTHER,7.0,SportUtilityVehicle,2016.0,JEEP,4x4,WHI,,,,,,,,,,,,
1568697,831889,1,Driver,True,False,False,M,AIR BAG NOT DEPLOYED,G,OCCUPANT LAP SHOULDER HARNESS USED,CELL PHONE NOT IN USE,NONE APPARENT,,S,I-280,65.0,J,CHANGING LANES,A,HAD NOT BEEN DRINKING,,,M,MALE,49.0,C,CA,A,ASIAN,8.0,MiniVan,1997.0,FORD,Aerostar,WHI,,,,,,,,,,,,
1568459,831761,3,Driver,,False,False,M,AIR BAG NOT DEPLOYED,G,OCCUPANT LAP SHOULDER HARNESS USED,CELL PHONE NOT IN USE,NONE APPARENT,,S,I-280,65.0,B,PROCEEDING STRAIGHT,A,HAD NOT BEEN DRINKING,,,M,MALE,45.0,U,CA,H,HISPANIC,22.0,PickupsAndPanels,2004.0,CHEVROLE,Silverado,WHI,,,,,,,,,,,,
1568458,831761,2,Driver,,False,False,M,AIR BAG NOT DEPLOYED,G,OCCUPANT LAP SHOULDER HARNESS USED,CELL PHONE NOT IN USE,NONE APPARENT,,S,I-280,65.0,B,PROCEEDING STRAIGHT,A,HAD NOT BEEN DRINKING,,,F,FEMALE,67.0,C,CA,A,ASIAN,1.0,PassengerCarStationWagonJeep,2004.0,LEXUS,ES300,GOL,,,,,,,,,,,,
1568457,831761,1,Driver,True,False,False,M,AIR BAG NOT DEPLOYED,G,OCCUPANT LAP SHOULDER HARNESS USED,CELL PHONE NOT IN USE,NONE APPARENT,,S,I-280,65.0,B,PROCEEDING STRAIGHT,A,HAD NOT BEEN DRINKING,,,M,MALE,84.0,C,CA,A,ASIAN,1.0,PassengerCarStationWagonJeep,2005.0,TOYOTA,Camry,GLD,,,,,,,,,,,,
1568365,831709,2,Driver,,False,False,M,AIR BAG NOT DEPLOYED,G,OCCUPANT LAP SHOULDER HARNESS USED,CELL PHONE NOT IN USE,NONE APPARENT,,N,I-280,65.0,A,STOPPED,A,HAD NOT BEEN DRINKING,,,M,MALE,44.0,C,CA,W,WHITE,1.0,PassengerCarStationWagonJeep,2018.0,TESL,MODEL 3,BLU,,,,,,,,,,,,
1568364,831709,1,Driver,True,False,False,L,AIR BAG DEPLOYED,G,OCCUPANT LAP SHOULDER HARNESS USED,CELL PHONE NOT IN USE,NONE APPARENT,,N,I-280,65.0,B,PROCEEDING STRAIGHT,A,HAD NOT BEEN DRINKING,,,F,FEMALE,17.0,C,CA,W,WHITE,7.0,SportUtilityVehicle,2017.0,HYUND,SANTE FE,BLK,,,,,,,,,,,,
1568363,831708,1,Driver,True,False,False,L,AIR BAG DEPLOYED,H,OCCUPANT LAP SHOULDER HARNESS NOT USED,CELL PHONE NOT IN USE,VC SECTION VIOLATED - 22350 / NONE APPARENT,,N,SR-87,65.0,R,OTHER,G,IMPAIRMENT_NOT_KNOWN,,,M,MALE,27.0,C,CA,H,HISPANIC,1.0,PassengerCarStationWagonJeep,2008.0,TOYO,Camry,SIL,,,,,,,,,,,,
1567305,831181,3,Driver,,False,False,M,AIR BAG NOT DEPLOYED,G,OCCUPANT LAP SHOULDER HARNESS USED,CELL PHONE NOT IN USE,STOP & GO TRAFFIC,,N,I-680,65.0,A,STOPPED,A,HAD NOT BEEN DRINKING,,,M,MALE,61.0,C,CA,A,ASIAN,22.0,PickupsAndPanels,2005.0,TOYT,Tacoma,SIL,,,,,,,,,,,,
1567304,831181,2,Driver,,False,False,M,AIR BAG NOT DEPLOYED,G,OCCUPANT LAP SHOULDER HARNESS USED,CELL PHONE NOT IN USE,STOP & GO TRAFFIC,,N,I-680,65.0,A,STOPPED,A,HAD NOT BEEN DRINKING,,,M,MALE,60.0,C,CA,A,ASIAN,7.0,SportUtilityVehicle,2013.0,TOYT,RAV4,SIL,,,,,,,,,,,,
1567303,831181,1,Driver,True,False,False,M,AIR BAG NOT DEPLOYED,G,OCCUPANT LAP SHOULDER HARNESS USED,CELL PHONE NOT IN USE,STOP & GO TRAFFIC,,N,I-680,65.0,B,PROCEEDING STRAIGHT,A,HAD NOT BEEN DRINKING,,,M,MALE,25.0,,,H,HISPANIC,1.0,PassengerCarStationWagonJeep,2000.0,HOND,Accord,BLU,,,,,,,,,,,,
1567101,831074,2,Driver,,False,False,M,AIR BAG NOT DEPLOYED,G,OCCUPANT LAP SHOULDER HARNESS USED,CELL PHONE NOT IN USE,NONE APPARENT,,E,SR-237,65.0,H,SLOWING/STOPPING,A,HAD NOT BEEN DRINKING,,,M,MALE,31.0,C,CA,A,ASIAN,1.0,PassengerCarStationWagonJeep,2019.0,TOYO,Corolla,BLU,,,,,,,,,,,,
1567100,831074,1,Driver,True,False,False,M,AIR BAG NOT DEPLOYED,G,OCCUPANT LAP SHOULDER HARNESS USED,CELL PHONE NOT IN USE,VC SECTION VIOLATED - 22350,,E,SR-237,65.0,H,SLOWING/STOPPING,B,HBD-UNDER INFLUENCE,,,F,FEMALE,34.0,C,CA,A,ASIAN,1.0,PassengerCarStationWagonJeep,2011.0,JEEP,RUBICON,BLK,,,,,,,,,,,,
1566969,831010,2,Driver,,False,False,L,AIR BAG DEPLOYED,G,OCCUPANT LAP SHOULDER HARNESS USED,CELL PHONE NOT IN USE,NONE APPARENT,,S,I-680,65.0,B,PROCEEDING STRAIGHT,A,HAD NOT BEEN DRINKING,,,M,MALE,36.0,C,CA,A,ASIAN,1.0,PassengerCarStationWagonJeep,2001.0,TOYOTA ,Camry,SIL,,,,,,,,,,,,
1566968,831010,1,Driver,True,False,True,B,UNKNOWN,B,OCCUPANT UNKNOWN,CELL PHONE NOT IN USE,NONE APPARENT,,S,I-680,65.0,Q,TRAVELLING WRONG WAY,G,IMPAIRMENT_NOT_KNOWN,,,,,,,,,,99.0,OtherUnknownHitAndRunDriver,,,,,,,,,,,,,,,,
1566875,830963,2,Driver,,False,False,M,AIR BAG NOT DEPLOYED,G,OCCUPANT LAP SHOULDER HARNESS USED,CELL PHONE NOT IN USE,NONE APPARENT,,E,SR-237,65.0,B,PROCEEDING STRAIGHT,A,HAD NOT BEEN DRINKING,,,F,FEMALE,35.0,C,CA,W,WHITE,1.0,PassengerCarStationWagonJeep,2003.0,HOND,Accord,GRY,,,,,,,,,,,,
1566874,830963,1,Driver,,False,False,M,AIR BAG NOT DEPLOYED,G,OCCUPANT LAP SHOULDER HARNESS USED,CELL PHONE NOT IN USE,NONE APPARENT,,E,SR-237,65.0,B,PROCEEDING STRAIGHT,A,HAD NOT BEEN DRINKING,,,M,MALE,28.0,C,CA,B,BLACK,1.0,PassengerCarStationWagonJeep,2018.0,TOYO,Corolla,SIL,,,,,,,,,,,,
1566783,830921,2,Driver,,False,False,M,AIR BAG NOT DEPLOYED,G,OCCUPANT LAP SHOULDER HARNESS USED,CELL PHONE NOT IN USE,NONE APPARENT,,N,US101,65.0,B,PROCEEDING STRAIGHT,A,HAD NOT BEEN DRINKING,,,M,MALE,51.0,C,CA,H,HISPANIC,22.0,PickupsAndPanels,2005.0,TOYT,Tacoma,SIL,,,,,,,,,,,,
1566782,830921,1,Driver,True,False,True,B,UNKNOWN,B,OCCUPANT UNKNOWN,CELL PHONE NOT IN USE,NONE APPARENT,,N,US101,65.0,R,OTHER,G,IMPAIRMENT_NOT_KNOWN,,,,,,,,,,99.0,OtherUnknownHitAndRunDriver,,,UNKNOWN,,,,,,,,,,,,,
1566764,830909,2,Driver,,False,False,M,AIR BAG NOT DEPLOYED,G,OCCUPANT LAP SHOULDER HARNESS USED,CELL PHONE NOT IN USE,NONE APPARENT,,S,I-680,65.0,A,STOPPED,A,HAD NOT BEEN DRINKING,,,F,FEMALE,58.0,C,CA,A,ASIAN,1.0,PassengerCarStationWagonJeep,2008.0,HONDA,Accord,BLU,,,,,,,,,,,,
1566763,830909,1,Driver,True,False,True,B,UNKNOWN,B,OCCUPANT UNKNOWN,CELL PHONE NOT IN USE,NONE APPARENT,,S,I-680,65.0,B,PROCEEDING STRAIGHT,G,IMPAIRMENT_NOT_KNOWN,,,,,,,,,,99.0,OtherUnknownHitAndRunDriver,,,,,,,,,,,,,,,,
1566727,830890,2,Driver,,False,False,M,AIR BAG NOT DEPLOYED,G,OCCUPANT LAP SHOULDER HARNESS USED,CELL PHONE NOT IN USE,NONE APPARENT,,W,SR-237,65.0,B,PROCEEDING STRAIGHT,A,HAD NOT BEEN DRINKING,,,F,FEMALE,27.0,C,CA,B,BLACK,1.0,PassengerCarStationWagonJeep,2015.0,MERB,C300,SIL,,,,,,,,,,,,
1566726,830890,1,Driver,True,False,False,M,AIR BAG NOT DEPLOYED,G,OCCUPANT LAP SHOULDER HARNESS USED,CELL PHONE NOT IN USE,NONE APPARENT,,W,SR-237,65.0,J,CHANGING LANES,A,HAD NOT BEEN DRINKING,,,M,MALE,20.0,C,CA,O,OTHER,22.0,PickupsAndPanels,2010.0,FORD,F-150,WHI,,,,,,,,,,,,
1566577,830819,2,Driver,,False,False,M,AIR BAG NOT DEPLOYED,G,OCCUPANT LAP SHOULDER HARNESS USED,CELL PHONE NOT IN USE,NONE APPARENT,,S,I-880,65.0,B,PROCEEDING STRAIGHT,A,HAD NOT BEEN DRINKING,,,M,MALE,49.0,F,MO,W,WHITE,1.0,PassengerCarStationWagonJeep,2018.0,NISS,Altima,WHI,,,,,,,,,,,,
1566576,830819,1,Driver,True,False,False,M,AIR BAG NOT DEPLOYED,G,OCCUPANT LAP SHOULDER HARNESS USED,CELL PHONE NOT IN USE,NONE APPARENT,,S,I-880,65.0,B,PROCEEDING STRAIGHT,A,HAD NOT BEEN DRINKING,,,F,FEMALE,19.0,C,CA,H,HISPANIC,1.0,PassengerCarStationWagonJeep,2003.0,HOND,Accord,SIL,,,,,,,,,,,,
1566558,830810,1,Driver,True,False,False,L,AIR BAG DEPLOYED,G,OCCUPANT LAP SHOULDER HARNESS USED,CELL PHONE NOT IN USE,NONE APPARENT,,S,I-280,65.0,R,OTHER,A,HAD NOT BEEN DRINKING,,,M,MALE,90.0,C,CA,W,WHITE,7.0,SportUtilityVehicle,2004.0,HONDA,CRV,BLU,,,,,,,,,,,,
1566445,830748,2,Driver,,False,False,M,AIR BAG NOT DEPLOYED,G,OCCUPANT LAP SHOULDER HARNESS USED,CELL PHONE NOT IN USE,NONE APPARENT,,N,I-880,65.0,H,SLOWING/STOPPING,A,HAD NOT BEEN DRINKING,,,F,FEMALE,22.0,C,CA,H,HISPANIC,7.0,SportUtilityVehicle,2013.0,HONDA,CRV,MAR,,,,,,,,,,,,
1566444,830748,1,Driver,True,False,True,B,UNKNOWN,B,OCCUPANT UNKNOWN,CELL PHONE NOT IN USE,NONE APPARENT,,N,I-880,65.0,B,PROCEEDING STRAIGHT,G,IMPAIRMENT_NOT_KNOWN,,,,,,,,,,99.0,OtherUnknownHitAndRunDriver,,,,,,,,,,,,,,,,
1566214,830626,1,Driver,True,False,False,L,AIR BAG DEPLOYED,G,OCCUPANT LAP SHOULDER HARNESS USED,CELL PHONE NOT IN USE,NONE APPARENT,,S,I-280,65.0,R,OTHER,C,HBD-NOT UNDER INFLUENCE,,,M,MALE,23.0,C,CA,H,HISPANIC,22.0,PickupsAndPanels,2016.0,CHEV,Silverado,WHI,,,,,,,,,,,,
1566188,830612,2,Driver,,False,False,L,AIR BAG DEPLOYED,G,OCCUPANT LAP SHOULDER HARNESS USED,CELL PHONE NOT IN USE,NONE APPARENT,,N,I-280,65.0,B,PROCEEDING STRAIGHT,A,HAD NOT BEEN DRINKING,,,F,FEMALE,60.0,C,CA,A,ASIAN,7.0,SportUtilityVehicle,2012.0,TOYO,Highlander,BRO,,,,,,,,,,,,
1566187,830612,1,Driver,True,False,True,B,UNKNOWN,B,OCCUPANT UNKNOWN,CELL PHONE NOT IN USE,NONE APPARENT,,N,I-280,65.0,R,OTHER,G,IMPAIRMENT_NOT_KNOWN,,,,,,,,,,1.0,PassengerCarStationWagonJeep,1999.0,ACURA,Integra,SIL,,,,,,,,,,,,
1565954,830498,2,Driver,,False,False,M,AIR BAG NOT DEPLOYED,G,OCCUPANT LAP SHOULDER HARNESS USED,CELL PHONE NOT IN USE,NONE APPARENT,,S,US-101,55.0,B,PROCEEDING STRAIGHT,A,HAD NOT BEEN DRINKING,,,M,MALE,45.0,A,CA,A,ASIAN,27.0,ThreeOrMoreAxleTruck,2007.0,VOLVO,D13,WHT,,28.0,SemiTankTrailer,2002.0,RUSS,trailer,WHT,,,,,