PartyId,CollisionId,PartyNumber,PartyType,IsAtFault,IsOnDutyEmergencyVehicle,IsHitAndRun,AirbagCode,AirbagDescription,SafetyEquipmentCode,SafetyEquipmentDescription,Special Information,Other Associate Factor,Inattention,DirectionOfTravel,StreetOrHighwayName,SpeedLimit,MovementPrecCollCode,MovementPrecCollDescription,SobrietyDrugPhysicalCode1,SobrietyDrugPhysicalDescription1,SobrietyDrugPhysicalCode2,SobrietyDrugPhysicalDescription2,GenderCode,GenderDescription,StatedAge,DriverLicenseClass,DriverLicenseStateCode,RaceCode,RaceDesc,Vehicle1TypeId, Vehicle1TypeDesc, Vehicle1Year,Vehicle1Make,Vehicle1Model,Vehicle1Color,V1IsVehicleTowed,Vehicle2TypeId, Vehicle2TypeDesc, Vehicle2Year,Vehicle2Make,Vehicle2Model,Vehicle2Color,V2IsVehicleTowed,Lane,ThruLanes,TotalLanes,IsDREConducted
11502150,3349915,1,Pedestrian,True,False,,,,,,,INATTENTION / OTHER,,,,,L,ENTERING TRAFFICD,H,NOT APPLICABLE,,,M,MALE,,,,H,HISPANIC,60.0,Pedestrian,,,,,,,,,,,,,,,,
11502145,3349912,2,Driver,,False,,M,AIR BAG NOT DEPLOYED,G,OCCUPANT LAP SHOULDER HARNESS USED,,,,N,,,B,PROCEEDING STRAIGHT,A,HAD NOT BEEN DRINKING,,,M,MALE,,,CA,,,,,2001.0,TOYO,,,,,,,,,,,,,,
11502144,3349912,1,Driver,,False,,L,AIR BAG DEPLOYED,G,OCCUPANT LAP SHOULDER HARNESS USED,,,,N,,,F,MAKING U TURN,A,HAD NOT BEEN DRINKING,,,M,MALE,,,CA,,,,,2000.0,MERB,,,,,,,,,,,,,,
11502136,3349907,2,Driver,,False,,M,AIR BAG NOT DEPLOYED,G,OCCUPANT LAP SHOULDER HARNESS USED,,,,E,,,H,SLOWING/STOPPING,A,HAD NOT BEEN DRINKING,,,M,MALE,,,CA,W,WHITE,,,2013.0,FORD,,,,,,,,,,,,,,
11502135,3349907,1,Driver,True,False,,L,AIR BAG DEPLOYED,G,OCCUPANT LAP SHOULDER HARNESS USED,,,,E,,,B,PROCEEDING STRAIGHT,A,HAD NOT BEEN DRINKING,,,F,FEMALE,,,CA,W,WHITE,,,2009.0,TOYO,,,,,,,,,,,,,,
11502125,3349903,2,Driver,,False,,M,AIR BAG NOT DEPLOYED,G,OCCUPANT LAP SHOULDER HARNESS USED,,NONE APPARENT,,E,,,D,MAKING RIGHT TURN,C,HBD-NOT UNDER INFLUENCE,,,M,MALE,,,CA,B,BLACK,,,2003.0,BMWX,,,,,,,,,,,,,,
11502124,3349903,1,Driver,True,False,,M,AIR BAG NOT DEPLOYED,G,OCCUPANT LAP SHOULDER HARNESS USED,,INATTENTION,OTHER,E,,,B,PROCEEDING STRAIGHT,C,HBD-NOT UNDER INFLUENCE,,,M,MALE,,,CA,W,WHITE,,,1993.0,FORD,,,,,,,,,,,,,,
11502119,3349899,2,Bicyclist,,False,,,,,,CELL PHONE NOT IN USE,,,E,,,B,PROCEEDING STRAIGHT,A,HAD NOT BEEN DRINKING,,,M,MALE,,,,H,HISPANIC,4.0,Bicycle,,,,,,,,,,,,,,,,
11502118,3349899,1,Driver,True,False,,M,AIR BAG NOT DEPLOYED,G,OCCUPANT LAP SHOULDER HARNESS USED,CELL PHONE NOT IN USE,VISION OBSCUREMENT,,N,,,L,ENTERING TRAFFICD,A,HAD NOT BEEN DRINKING,,,M,MALE,,,CA,,,,,2004.0,TOYO,,,,,,,,,,,,,,
11502113,3349896,2,Driver,,False,,M,AIR BAG NOT DEPLOYED,G,OCCUPANT LAP SHOULDER HARNESS USED,,,,W,,,B,PROCEEDING STRAIGHT,A,HAD NOT BEEN DRINKING,,,M,MALE,,,CA,H,HISPANIC,,,1999.0,DODG,,,,,,,,,,,,,,
11502112,3349896,1,Driver,True,False,,L,AIR BAG DEPLOYED,G,OCCUPANT LAP SHOULDER HARNESS USED,,VC SECTION VIOLATED - 12500 A / INATTENTION,OTHER,S,,,D,MAKING RIGHT TURN,A,HAD NOT BEEN DRINKING,,,F,FEMALE,,,CA,H,HISPANIC,,,2012.0,CHEV,,,,,,,,,,,,,,
11502105,3349892,2,Driver,,False,,L,AIR BAG DEPLOYED,C,OCCUPANT LAP BELT USED,,NONE APPARENT,,E,,,B,PROCEEDING STRAIGHT,A,HAD NOT BEEN DRINKING,,,F,FEMALE,,,CA,,,,,2014.0,CHEV,,,,,,,,,,,,,,
11502104,3349892,1,Driver,True,False,,M,AIR BAG NOT DEPLOYED,B,OCCUPANT UNKNOWN,,,,N,,,G,BACKING,A,HAD NOT BEEN DRINKING,,,F,FEMALE,,,,W,WHITE,,,2008.0,HOND,,,,,,,,,,,,,,
11502094,3349888,2,Pedestrian,,False,,,,,,CELL PHONE NOT IN USE,,,S,,,R,OTHER,H,NOT APPLICABLE,,,F,FEMALE,,,,A,ASIAN,60.0,Pedestrian,,,,,,,,,,,,,,,,
11502093,3349888,1,Driver,True,False,,M,AIR BAG NOT DEPLOYED,G,OCCUPANT LAP SHOULDER HARNESS USED,,,,W,,,E,MAKING LEFT TURN,H,NOT APPLICABLE,,,M,MALE,,,CA,A,ASIAN,,,2000.0,FORD,,,,,,,,,,,,,,
11502007,3349844,2,Driver,True,False,,P,NOT REQUIRED,G,OCCUPANT LAP SHOULDER HARNESS USED,CELL PHONE NOT IN USE,NONE APPARENT,,S,,,B,PROCEEDING STRAIGHT,A,HAD NOT BEEN DRINKING,,,M,MALE,,,CA,W,WHITE,,,,,,,,,,,,,,,,,,
11502006,3349844,1,Driver,,False,,L,AIR BAG DEPLOYED,G,OCCUPANT LAP SHOULDER HARNESS USED,CELL PHONE NOT IN USE,NONE APPARENT,,S,,,E,MAKING LEFT TURN,A,HAD NOT BEEN DRINKING,,,M,MALE,,,CA,W,WHITE,,,2012.0,FORD,,,,,,,,,,,,,,
11501998,3349839,2,Driver,,False,,,,,,,,,N,,,A,STOPPED,A,HAD NOT BEEN DRINKING,,,F,FEMALE,,,CA,H,HISPANIC,,,1998.0,TOYO,,,,,,,,,,,,,,
11501997,3349839,1,Driver,True,False,,,,,,,,,N,,,H,SLOWING/STOPPING,B,HBD-UNDER INFLUENCE,,,M,MALE,,,CA,H,HISPANIC,,,1998.0,CHEV,,,,,,,,,,,,,,
11501986,3349833,2,Driver,,False,,B,UNKNOWN,,,,,,N,,,B,PROCEEDING STRAIGHT,A,HAD NOT BEEN DRINKING,,,M,MALE,,,CA,W,WHITE,,,2009.0,TOYO,,,,,,,,,,,,,,
11501985,3349833,1,Driver,True,False,,B,UNKNOWN,,,,,,N,,,B,PROCEEDING STRAIGHT,G,IMPAIRMENT_NOT_KNOWN,,,,,,,,,,,,,TOYO,,,,,,,,,,,,,,
11501975,3349828,2,Bicyclist,,False,,,,,,,,,,,,,,A,HAD NOT BEEN DRINKING,,,M,MALE,,,,,,4.0,Bicycle,,,,,,,,,,,,,,,,
11501974,3349828,1,Driver,,False,,,,,,,,,,,,C,RAN OFF ROAD,G,IMPAIRMENT_NOT_KNOWN,,,,,,,,,,,,,TOYO,,,,,,,,,,,,,,
11501961,3349821,2,Pedestrian,,False,,,,,,,,,W,,,,,A,HAD NOT BEEN DRINKING,,,M,MALE,,,,H,HISPANIC,60.0,Pedestrian,,,,,,,,,,,,,,,,
11501960,3349821,1,Driver,True,False,,,,,,,INATTENTION,OTHER,,,,E,MAKING LEFT TURN,G,IMPAIRMENT_NOT_KNOWN,,,,,,,,,,,,,,,,,,,,,,,,,,,
11501953,3349817,3,Pedestrian,,False,,,,,,,,,N,,,R,OTHER,,,,,F,FEMALE,,,,,,60.0,Pedestrian,,,,,,,,,,,,,,,,
11501952,3349817,2,ParkedVehicle,,False,,,,,,,,,,,,O,PARKED,,,,,,,,,,,,,,2016.0,HYUN,,,,,,,,,,,,,,
11501951,3349817,1,Driver,True,False,,M,AIR BAG NOT DEPLOYED,B,OCCUPANT UNKNOWN,,VC SECTION VIOLATED - 20001,,E,,,B,PROCEEDING STRAIGHT,,,,,M,MALE,,,CA,H,HISPANIC,,,1998.0,FORD,,,,,,,,,,,,,,
11501945,3349813,3,ParkedVehicle,,False,,,,,,,NONE APPARENT,,E,,,O,PARKED,H,NOT APPLICABLE,,,,,,,,,,,,2002.0,BMWX,,,,,,,,,,,,,,
11501944,3349813,2,ParkedVehicle,,False,,,,,,,NONE APPARENT,,S,,,O,PARKED,H,NOT APPLICABLE,,,,,,,,,,,,2003.0,HOND,,,,,,,,,,,,,,
11501943,3349813,1,Driver,True,False,,L,AIR BAG DEPLOYED,B,OCCUPANT UNKNOWN,,VC SECTION VIOLATED - 20001,,N,,,A,STOPPED,G,IMPAIRMENT_NOT_KNOWN,,,,,,,,,,,,2015.0,HOND,,,,,,,,,,,,,,
11501935,3349809,2,Driver,,False,,M,AIR BAG NOT DEPLOYED,G,OCCUPANT LAP SHOULDER HARNESS USED,,NONE APPARENT,,S,,,B,PROCEEDING STRAIGHT,A,HAD NOT BEEN DRINKING,,,F,FEMALE,,,CA,,,,,2014.0,TOYO,,,,,,,,,,,,,,
11501934,3349809,1,Pedestrian,True,False,,,,,,,NONE APPARENT,,W,,,L,ENTERING TRAFFICD,A,HAD NOT BEEN DRINKING,,,M,MALE,,,,,,60.0,Pedestrian,,,,,,,,,,,,,,,,
11501926,3349805,2,Driver,,False,,M,AIR BAG NOT DEPLOYED,G,OCCUPANT LAP SHOULDER HARNESS USED,,,,W,,,B,PROCEEDING STRAIGHT,A,HAD NOT BEEN DRINKING,,,F,FEMALE,,,CA,A,ASIAN,,,2013.0,HOND,,,,,,,,,,,,,,
11501925,3349805,1,Bicyclist,True,False,,,,,,,,,S,,,Q,TRAVELLING WRONG WAY,A,HAD NOT BEEN DRINKING,,,F,FEMALE,,,,W,WHITE,4.0,Bicycle,,,,,,,,,,,,,,,,
11501918,3349801,2,Pedestrian,,False,,,,,,CELL PHONE NOT IN USE,NONE APPARENT,,,,,R,OTHER,A,HAD NOT BEEN DRINKING,,,M,MALE,,,,H,HISPANIC,60.0,Pedestrian,,,,,,,,,,,,,,,,
11501917,3349801,1,Driver,True,False,,N,OTHER,G,OCCUPANT LAP SHOULDER HARNESS USED,CELL PHONE NOT IN USE,NONE APPARENT,,E,,,E,MAKING LEFT TURN,A,HAD NOT BEEN DRINKING,,,F,FEMALE,,,CA,W,WHITE,,,2018.0,JEEP,,,,,,,,,,,,,,
11501910,3349797,2,Driver,,False,,M,AIR BAG NOT DEPLOYED,G,OCCUPANT LAP SHOULDER HARNESS USED,,,,E,,,A,STOPPED,A,HAD NOT BEEN DRINKING,,,M,MALE,,,CA,W,WHITE,,,2006.0,TOYO,,,,,,,,,,,,,,
11501909,3349797,1,Driver,True,False,,M,AIR BAG NOT DEPLOYED,G,OCCUPANT LAP SHOULDER HARNESS USED,,INATTENTION,READING,E,,,B,PROCEEDING STRAIGHT,A,HAD NOT BEEN DRINKING,,,F,FEMALE,,,CA,H,HISPANIC,,,2016.0,JEEP,,,,,,,,,,,,,,
11501901,3349793,2,Driver,,False,,L,AIR BAG DEPLOYED,G,OCCUPANT LAP SHOULDER HARNESS USED,,NONE APPARENT,,N,,,B,PROCEEDING STRAIGHT,A,HAD NOT BEEN DRINKING,,,F,FEMALE,,,CA,W,WHITE,,,2017.0,FORD,,,,,,,,,,,,,,
11501900,3349793,1,Driver,True,False,,M,AIR BAG NOT DEPLOYED,G,OCCUPANT LAP SHOULDER HARNESS USED,,INATTENTION,OTHER,S,,,E,MAKING LEFT TURN,A,HAD NOT BEEN DRINKING,,,F,FEMALE,,,CA,W,WHITE,,,2008.0,CHEV,,,,,,,,,,,,,,
11501895,3349789,2,Driver,,False,,M,AIR BAG NOT DEPLOYED,G,OCCUPANT LAP SHOULDER HARNESS USED,,NONE APPARENT,,N,,,B,PROCEEDING STRAIGHT,A,HAD NOT BEEN DRINKING,,,F,FEMALE,,,CA,A,ASIAN,,,2005.0,TOYO,,,,,,,,,,,,,,
11501894,3349789,1,Driver,True,False,,M,AIR BAG NOT DEPLOYED,G,OCCUPANT LAP SHOULDER HARNESS USED,,NONE APPARENT,,N,,,J,CHANGING LANES,A,HAD NOT BEEN DRINKING,,,F,FEMALE,,,CA,H,HISPANIC,,,2017.0,NISS,,,,,,,,,,,,,,
11501887,3349785,2,Bicyclist,,False,,,,,,,NONE APPARENT,,E,,,B,PROCEEDING STRAIGHT,A,HAD NOT BEEN DRINKING,,,M,MALE,,,,W,WHITE,4.0,Bicycle,,,,,,,,,,,,,,,,
11501886,3349785,1,Driver,True,False,,M,AIR BAG NOT DEPLOYED,G,OCCUPANT LAP SHOULDER HARNESS USED,,INATTENTION,OTHER,E,,,D,MAKING RIGHT TURN,A,HAD NOT BEEN DRINKING,,,F,FEMALE,,,CA,A,ASIAN,,,1995.0,NISS,,,,,,,,,,,,,,
11501879,3349781,3,Driver,,False,,M,AIR BAG NOT DEPLOYED,G,OCCUPANT LAP SHOULDER HARNESS USED,,,,W,,,A,STOPPED,A,HAD NOT BEEN DRINKING,,,F,FEMALE,,,CA,H,HISPANIC,,,2012.0,CHEV,,,,,,,,,,,,,,
11501878,3349781,2,Driver,,False,,L,AIR BAG DEPLOYED,G,OCCUPANT LAP SHOULDER HARNESS USED,,,,W,,,A,STOPPED,A,HAD NOT BEEN DRINKING,,,M,MALE,,,CA,A,ASIAN,,,2002.0,MITS,,,,,,,,,,,,,,
11501877,3349781,1,Driver,True,False,,M,AIR BAG NOT DEPLOYED,G,OCCUPANT LAP SHOULDER HARNESS USED,,,,W,,,B,PROCEEDING STRAIGHT,A,HAD NOT BEEN DRINKING,,,M,MALE,,,CA,W,WHITE,,,2008.0,SCIO,,,,,,,,,,,,,,
11501868,3349777,2,Driver,,False,,L,AIR BAG DEPLOYED,G,OCCUPANT LAP SHOULDER HARNESS USED,CELL PHONE NOT IN USE,NONE APPARENT,,W,,,B,PROCEEDING STRAIGHT,A,HAD NOT BEEN DRINKING,,,M,MALE,,,CA,O,OTHER,,,2010.0,HOND,,,,,,,,,,,,,,
11501867,3349777,1,Other,True,False,,,,,,,NONE APPARENT,,S,,,L,ENTERING TRAFFICD,A,HAD NOT BEEN DRINKING,,,,,,,,,,,,,,,,,,,,,,,,,,,
11501861,3349773,2,Driver,,False,,M,AIR BAG NOT DEPLOYED,G,OCCUPANT LAP SHOULDER HARNESS USED,,NONE APPARENT,,N,,,H,SLOWING/STOPPING,A,HAD NOT BEEN DRINKING,,,F,FEMALE,,,CA,H,HISPANIC,,,2017.0,CHEV,,,,,,,,,,,,,,
11501860,3349773,1,Driver,True,False,,M,AIR BAG NOT DEPLOYED,G,OCCUPANT LAP SHOULDER HARNESS USED,,INATTENTION,OTHER,N,,,H,SLOWING/STOPPING,A,HAD NOT BEEN DRINKING,,,M,MALE,,C,CA,H,HISPANIC,,,2008.0,VOLK,,,,,,,,,,,,,,
11501854,3349769,1,Driver,True,False,,L,AIR BAG DEPLOYED,G,OCCUPANT LAP SHOULDER HARNESS USED,,,,S,,,B,PROCEEDING STRAIGHT,A,HAD NOT BEEN DRINKING,,,F,FEMALE,,,CA,A,ASIAN,,,2015.0,TOYO,,,,,,,,,,,,,,
11501847,3349765,2,Driver,,False,,,,,,,NONE APPARENT,,S,,,A,STOPPED,A,HAD NOT BEEN DRINKING,,,F,FEMALE,,,CA,,,,,2015.0,HOND,,,,,,,,,,,,,,
11501846,3349765,1,Driver,True,False,,,,,,,INATTENTION,OTHER,S,,,B,PROCEEDING STRAIGHT,A,HAD NOT BEEN DRINKING,,,F,FEMALE,,,CA,,,,,2017.0,JAGU,,,,,,,,,,,,,,
11501840,3349761,2,ParkedVehicle,,False,,,,,,,,,,,,O,PARKED,H,NOT APPLICABLE,,,,,,,,,,,,2016.0,FORD,,,,,,,,,,,,,,
11501839,3349761,1,Driver,True,False,,L,AIR BAG DEPLOYED,G,OCCUPANT LAP SHOULDER HARNESS USED,,VC SECTION VIOLATED - 12500 / INATTENTION,OTHER,S,,,B,PROCEEDING STRAIGHT,I,SLEEPY/FATIGUED,,,M,MALE,,,,H,HISPANIC,,,2006.0,SCIO,,,,,,,,,,,,,,
11501836,3349759,3,Driver,,False,,M,AIR BAG NOT DEPLOYED,G,OCCUPANT LAP SHOULDER HARNESS USED,,,,W,,,A,STOPPED,H,NOT APPLICABLE,,,M,MALE,,,CA,O,OTHER,,,2014.0,HOND,,,,,,,,,,,,,,
11501835,3349759,2,Driver,,False,,L,AIR BAG DEPLOYED,G,OCCUPANT LAP SHOULDER HARNESS USED,,,,W,,,H,SLOWING/STOPPING,H,NOT APPLICABLE,,,F,FEMALE,,,CA,O,OTHER,,,2015.0,HYUN,,,,,,,,,,,,,,
11501834,3349759,1,Driver,True,False,,L,AIR BAG DEPLOYED,G,OCCUPANT LAP SHOULDER HARNESS USED,,,,W,,,B,PROCEEDING STRAIGHT,H,NOT APPLICABLE,,,M,MALE,,,CA,H,HISPANIC,,,2008.0,MAZD,,,,,,,,,,,,,,
11501670,3349677,2,Driver,,False,,,,G,OCCUPANT LAP SHOULDER HARNESS USED,,,,N,,,B,PROCEEDING STRAIGHT,A,HAD NOT BEEN DRINKING,,,F,FEMALE,,,CA,H,HISPANIC,,,2014.0,NISS,,,,,,,,,,,,,,
11501669,3349677,1,Driver,True,False,,,,G,OCCUPANT LAP SHOULDER HARNESS USED,,,,E,,,F,MAKING U TURN,A,HAD NOT BEEN DRINKING,,,M,MALE,,,CA,H,HISPANIC,,,1998.0,NISS,,,,,,,,,,,,,,
11501664,3349674,2,Driver,,False,,M,AIR BAG NOT DEPLOYED,G,OCCUPANT LAP SHOULDER HARNESS USED,SCHOOL BUS RELATED,,,W,,,B,PROCEEDING STRAIGHT,A,HAD NOT BEEN DRINKING,,,F,FEMALE,,,CA,H,HISPANIC,,,2011.0,TOYO,,,,,,,,,,,,,,
11501663,3349674,1,Driver,True,False,,M,AIR BAG NOT DEPLOYED,G,OCCUPANT LAP SHOULDER HARNESS USED,HAZARDOUS MATERIAL,,,W,,,B,PROCEEDING STRAIGHT,A,HAD NOT BEEN DRINKING,,,M,MALE,,,CA,H,HISPANIC,,,2001.0,FORD,,,,,,,,,,,,,,
11501657,3349670,2,Driver,,False,,,,,,,,,N,,,A,STOPPED,A,HAD NOT BEEN DRINKING,,,M,MALE,,,CA,,,,,2002.0,TOYO,,,,,,,,,,,,,,
11501656,3349670,1,Driver,,False,,,,,,,INATTENTION,OTHER,N,,,B,PROCEEDING STRAIGHT,A,HAD NOT BEEN DRINKING,,,M,MALE,,,CA,H,HISPANIC,,,1998.0,FORD,,,,,,,,,,,,,,
11501651,3349667,2,Driver,,False,,,,G,OCCUPANT LAP SHOULDER HARNESS USED,,,,W,,,B,PROCEEDING STRAIGHT,A,HAD NOT BEEN DRINKING,,,F,FEMALE,,,CA,H,HISPANIC,,,1995.0,HOND,,,,,,,,,,,,,,
11501650,3349667,1,Driver,True,False,,,,G,OCCUPANT LAP SHOULDER HARNESS USED,,,,N,,,B,PROCEEDING STRAIGHT,A,HAD NOT BEEN DRINKING,,,M,MALE,,,CA,O,OTHER,,,2010.0,CHEV,,,,,,,,,,,,,,
11501643,3349663,2,Driver,,False,,,,G,OCCUPANT LAP SHOULDER HARNESS USED,,,,N,,,B,PROCEEDING STRAIGHT,A,HAD NOT BEEN DRINKING,,,M,MALE,,C,CA,,,,,2006.0,FORD,,,,,,,,,,,,,,
11501642,3349663,1,Driver,True,False,,,,G,OCCUPANT LAP SHOULDER HARNESS USED,,,,E,,,B,PROCEEDING STRAIGHT,A,HAD NOT BEEN DRINKING,,,F,FEMALE,,C,CA,,,,,2013.0,TOYO,,,,,,,,,,,,,,
11501552,3349619,2,Driver,,False,,M,AIR BAG NOT DEPLOYED,E,OCCUPANT SHOULDER HARNESS USED,,,,E,,,B,PROCEEDING STRAIGHT,A,HAD NOT BEEN DRINKING,,,F,FEMALE,,,CA,H,HISPANIC,,,2015.0,TOYO,,,,,,,,,,,,,,
11501551,3349619,1,Driver,True,False,,M,AIR BAG NOT DEPLOYED,E,OCCUPANT SHOULDER HARNESS USED,,,,S,,,B,PROCEEDING STRAIGHT,A,HAD NOT BEEN DRINKING,,,F,FEMALE,,,CA,W,WHITE,,,2017.0,FORD,,,,,,,,,,,,,,
11501544,3349615,2,Pedestrian,,False,,,,,,,,,,,,,,,,,,F,FEMALE,,,,H,HISPANIC,60.0,Pedestrian,,,,,,,,,,,,,,,,
11501543,3349615,1,Driver,True,False,,,,,,,VC SECTION VIOLATED - 20001 / NONE APPARENT,,,,,D,MAKING RIGHT TURN,G,IMPAIRMENT_NOT_KNOWN,,,,,,,,,,,,,NISS,,,,,,,,,,,,,,
11518066,3357682,2,Driver,,False,,M,AIR BAG NOT DEPLOYED,G,OCCUPANT LAP SHOULDER HARNESS USED,,,,S,,,E,MAKING LEFT TURN,A,HAD NOT BEEN DRINKING,,,F,FEMALE,,,CA,H,HISPANIC,,,2017.0,NISS,,,,,,,,,,,,,,
11518065,3357682,1,Driver,True,False,,M,AIR BAG NOT DEPLOYED,G,OCCUPANT LAP SHOULDER HARNESS USED,,,,N,,,B,PROCEEDING STRAIGHT,A,HAD NOT BEEN DRINKING,,,M,MALE,,,CA,H,HISPANIC,,,2005.0,TOYO,,,,,,,,,,,,,,
11517951,3357625,2,Driver,,False,,M,AIR BAG NOT DEPLOYED,B,OCCUPANT UNKNOWN,CELL PHONE NOT IN USE,,,N,,,A,STOPPED,A,HAD NOT BEEN DRINKING,,,M,MALE,,,CA,A,ASIAN,,,2004.0,TOYO,,,,,,,,,,,,,,
11517950,3357625,1,Driver,True,False,,L,AIR BAG DEPLOYED,B,OCCUPANT UNKNOWN,CELL PHONE NOT IN USE,INATTENTION,CHILDREN,N,,,B,PROCEEDING STRAIGHT,A,HAD NOT BEEN DRINKING,,,F,FEMALE,,,CA,A,ASIAN,,,2000.0,TOYO,,,,,,,,,,,,,,
11517947,3357623,2,Bicyclist,,False,,,,,,,NONE APPARENT,,E,,,Q,TRAVELLING WRONG WAY,D,HBD-IMPAIRMENT UNKNOWN,,,M,MALE,,,,H,HISPANIC,4.0,Bicycle,,,,,,,,,,,,,,,,
11517946,3357623,1,Driver,True,False,,B,UNKNOWN,,,,,,S,,,D,MAKING RIGHT TURN,D,HBD-IMPAIRMENT UNKNOWN,,,,,,,,,,,,,,,,,,,,,,,,,,,
11517943,3357621,3,Driver,,False,,M,AIR BAG NOT DEPLOYED,G,OCCUPANT LAP SHOULDER HARNESS USED,CELL PHONE NOT IN USE,NONE APPARENT,,E,,,B,PROCEEDING STRAIGHT,A,HAD NOT BEEN DRINKING,,,M,MALE,,,CA,,,,,2009.0,TOYO,,,,,,,,,,,,,,
11517942,3357621,2,Driver,,False,,M,AIR BAG NOT DEPLOYED,G,OCCUPANT LAP SHOULDER HARNESS USED,CELL PHONE NOT IN USE,NONE APPARENT,,E,,,A,STOPPED,A,HAD NOT BEEN DRINKING,,,F,FEMALE,,,CA,H,HISPANIC,,,2000.0,HOND,,,,,,,,,,,,,,
11517941,3357621,1,Driver,True,False,,L,AIR BAG DEPLOYED,G,OCCUPANT LAP SHOULDER HARNESS USED,CELL PHONE HANDSFREE IN USE,NONE APPARENT,,E,,,B,PROCEEDING STRAIGHT,A,HAD NOT BEEN DRINKING,,,M,MALE,,,CA,H,HISPANIC,,,2016.0,HOND,,,,,,,,,,,,,,
11517937,3357619,2,Driver,,False,,M,AIR BAG NOT DEPLOYED,G,OCCUPANT LAP SHOULDER HARNESS USED,,,,W,,,B,PROCEEDING STRAIGHT,A,HAD NOT BEEN DRINKING,,,F,FEMALE,,,,H,HISPANIC,,,2015.0,CHEV,,,,,,,,,,,,,,
11517936,3357619,1,Driver,True,False,,B,UNKNOWN,,,,VC SECTION VIOLATED - 20001,,W,,,B,PROCEEDING STRAIGHT,,,,,,,,,,,,,,,CHEV,,,,,,,,,,,,,,
11517932,3357616,4,ParkedVehicle,,False,,,,,,,NONE APPARENT,,,,,O,PARKED,H,NOT APPLICABLE,,,,,,,,,,,,1998.0,MERB,,,,,,,,,,,,,,
11517931,3357616,3,ParkedVehicle,,False,,,,,,,NONE APPARENT,,,,,O,PARKED,H,NOT APPLICABLE,,,,,,,,,,,,2000.0,MERB,,,,,,,,,,,,,,
11517930,3357616,2,Driver,,False,,M,AIR BAG NOT DEPLOYED,G,OCCUPANT LAP SHOULDER HARNESS USED,,NONE APPARENT,,S,,,A,STOPPED,H,NOT APPLICABLE,,,F,FEMALE,,,CA,,,,,2013.0,NISS,,,,,,,,,,,,,,
11517929,3357616,1,Driver,True,False,,B,UNKNOWN,,,,NONE APPARENT,,N,,,M,OTHER UNSAFE TURNING,G,IMPAIRMENT_NOT_KNOWN,,,,,,,,,,,,,INFI,,,,,,,,,,,,,,
11517923,3357612,3,Driver,,False,,M,AIR BAG NOT DEPLOYED,G,OCCUPANT LAP SHOULDER HARNESS USED,CELL PHONE NOT IN USE,,,N,,,A,STOPPED,A,HAD NOT BEEN DRINKING,,,F,FEMALE,,,CA,,,,,2011.0,TOYO,,,,,,,,,,,,,,
11517922,3357612,2,Driver,,False,,M,AIR BAG NOT DEPLOYED,G,OCCUPANT LAP SHOULDER HARNESS USED,CELL PHONE NOT IN USE,,,N,,,A,STOPPED,A,HAD NOT BEEN DRINKING,,,F,FEMALE,,,CA,H,HISPANIC,,,2006.0,TOYO,,,,,,,,,,,,,,
11517921,3357612,1,Driver,True,False,,L,AIR BAG DEPLOYED,G,OCCUPANT LAP SHOULDER HARNESS USED,CELL PHONE NOT IN USE,,,N,,,B,PROCEEDING STRAIGHT,B,HBD-UNDER INFLUENCE,,,F,FEMALE,,,CA,W,WHITE,,,2012.0,FORD,,,,,,,,,,,,,,
11517915,3357608,2,Driver,,False,,M,AIR BAG NOT DEPLOYED,G,OCCUPANT LAP SHOULDER HARNESS USED,CELL PHONE NOT IN USE,,,N,,,B,PROCEEDING STRAIGHT,A,HAD NOT BEEN DRINKING,,,M,MALE,,,CA,,,,,2015.0,FORD,,,,,,,,,,,,,,
11517914,3357608,1,Driver,True,False,,M,AIR BAG NOT DEPLOYED,G,OCCUPANT LAP SHOULDER HARNESS USED,CELL PHONE NOT IN USE,,,S,,,E,MAKING LEFT TURN,A,HAD NOT BEEN DRINKING,,,F,FEMALE,,,CA,,,,,2017.0,NISS,,,,,,,,,,,,,,
11517907,3357604,2,Driver,,False,,M,AIR BAG NOT DEPLOYED,G,OCCUPANT LAP SHOULDER HARNESS USED,,,,W,,,B,PROCEEDING STRAIGHT,G,IMPAIRMENT_NOT_KNOWN,,,M,MALE,,,CA,,,,,2017.0,MERB,,,,,,,,,,,,,,
11517906,3357604,1,Bicyclist,True,False,,,,,,,,,W,,,J,CHANGING LANES,A,HAD NOT BEEN DRINKING,,,F,FEMALE,,,,H,HISPANIC,4.0,Bicycle,,,,,,,,,,,,,,,,
11517893,3357599,2,Pedestrian,,False,,,,,,,,,,,,R,OTHER,A,HAD NOT BEEN DRINKING,,,M,MALE,,,,B,BLACK,60.0,Pedestrian,,,,,,,,,,,,,,,,
11517892,3357599,1,Driver,True,False,,,,,,,,,W,,,G,BACKING,A,HAD NOT BEEN DRINKING,,,F,FEMALE,,,CA,W,WHITE,,,2011.0,GMCX,,,,,,,,,,,,,,
11517887,3357596,2,Driver,,False,,,,,,,NONE APPARENT,,E,,,D,MAKING RIGHT TURN,A,HAD NOT BEEN DRINKING,,,U,UNKNOWN,,,CA,,,,,2007.0,GMCX,,,,,,,,,,,,,,
11517886,3357596,1,Pedestrian,True,False,,,,,,,VC SECTION VIOLATED - 21201 D,,S,,,L,ENTERING TRAFFICD,A,HAD NOT BEEN DRINKING,,,M,MALE,,,,H,HISPANIC,60.0,Pedestrian,,,,,,,,,,,,,,,,
11517879,3357592,2,Driver,,False,,M,AIR BAG NOT DEPLOYED,G,OCCUPANT LAP SHOULDER HARNESS USED,CELL PHONE NOT IN USE,NONE APPARENT,,W,,,B,PROCEEDING STRAIGHT,G,IMPAIRMENT_NOT_KNOWN,,,M,MALE,,,CA,H,HISPANIC,,,2000.0,OLDS,,,,,,,,,,,,,,
11517878,3357592,1,Driver,True,False,,M,AIR BAG NOT DEPLOYED,G,OCCUPANT LAP SHOULDER HARNESS USED,CELL PHONE NOT IN USE,VC SECTION VIOLATED - 12500 A,,E,,,E,MAKING LEFT TURN,G,IMPAIRMENT_NOT_KNOWN,,,F,FEMALE,,,,H,HISPANIC,,,2006.0,NISS,,,,,,,,,,,,,,
11517871,3357588,3,ParkedVehicle,,False,,,,,,,,,,,,O,PARKED,,,,,,,,,,,,,,1986.0,TOYO,,,,,,,,,,,,,,