PartyId,CollisionId,PartyNumber,PartyType,IsAtFault,IsOnDutyEmergencyVehicle,IsHitAndRun,AirbagCode,AirbagDescription,SafetyEquipmentCode,SafetyEquipmentDescription,Special Information,Other Associate Factor,Inattention,DirectionOfTravel,StreetOrHighwayName,SpeedLimit,MovementPrecCollCode,MovementPrecCollDescription,SobrietyDrugPhysicalCode1,SobrietyDrugPhysicalDescription1,SobrietyDrugPhysicalCode2,SobrietyDrugPhysicalDescription2,GenderCode,GenderDescription,StatedAge,DriverLicenseClass,DriverLicenseStateCode,RaceCode,RaceDesc,Vehicle1TypeId, Vehicle1TypeDesc, Vehicle1Year,Vehicle1Make,Vehicle1Model,Vehicle1Color,V1IsVehicleTowed,Vehicle2TypeId, Vehicle2TypeDesc, Vehicle2Year,Vehicle2Make,Vehicle2Model,Vehicle2Color,V2IsVehicleTowed,Lane,ThruLanes,TotalLanes,IsDREConducted
11543019,3369873,2,Driver,,False,,B,UNKNOWN,,,,NONE APPARENT,,S,,,B,PROCEEDING STRAIGHT,A,HAD NOT BEEN DRINKING,,,F,FEMALE,,,CA,W,WHITE,,,1996.0,BUIC,,,,,,,,,,,,,,
11543018,3369873,1,Bicyclist,,False,,,,,,,NONE APPARENT,,S,,,J,CHANGING LANES,A,HAD NOT BEEN DRINKING,,,M,MALE,,,,W,WHITE,4.0,Bicycle,,,,,,,,,,,,,,,,
11543003,3369865,2,ParkedVehicle,,False,,,,,,,NONE APPARENT,,,,,A,STOPPED,H,NOT APPLICABLE,,,,,,,,,,,,1998.0,FORD,,,,,,,,,,,,,,
11543002,3369865,1,Bicyclist,True,False,,,,,,,INATTENTION,OTHER,E,,,B,PROCEEDING STRAIGHT,,,,,M,MALE,,,,W,WHITE,4.0,Bicycle,,,,,,,,,,,,,,,,
11542996,3369861,2,Bicyclist,,False,,,,,,,NONE APPARENT,,N,,,B,PROCEEDING STRAIGHT,A,HAD NOT BEEN DRINKING,,,M,MALE,,,,H,HISPANIC,4.0,Bicycle,,,,,,,,,,,,,,,,
11542995,3369861,1,ParkedVehicle,,False,,,,,,,NONE APPARENT,,,,,O,PARKED,A,HAD NOT BEEN DRINKING,,,,,,,,,,,,2016.0,GMCX,,,,,,,,,,,,,,
11542988,3369857,2,Driver,,False,,L,AIR BAG DEPLOYED,G,OCCUPANT LAP SHOULDER HARNESS USED,,,,E,,,B,PROCEEDING STRAIGHT,A,HAD NOT BEEN DRINKING,,,M,MALE,,,CA,A,ASIAN,,,2017.0,VOLV,,,,,,,,,,,,,,
11542987,3369857,1,Driver,True,False,,L,AIR BAG DEPLOYED,G,OCCUPANT LAP SHOULDER HARNESS USED,,VISION OBSCUREMENT,,N,,,B,PROCEEDING STRAIGHT,A,HAD NOT BEEN DRINKING,,,M,MALE,,,CA,A,ASIAN,,,2012.0,FORD,,,,,,,,,,,,,,
11542983,3369855,2,Bicyclist,,False,,,,,,,VC SECTION VIOLATED - 21201 D,,,,,B,PROCEEDING STRAIGHT,G,IMPAIRMENT_NOT_KNOWN,,,F,FEMALE,,,,W,WHITE,4.0,Bicycle,,,,,,,,,,,,,,,,
11542982,3369855,1,Driver,True,False,,M,AIR BAG NOT DEPLOYED,G,OCCUPANT LAP SHOULDER HARNESS USED,,ENTERING OR LEAVING RAMP,,,,,D,MAKING RIGHT TURN,A,HAD NOT BEEN DRINKING,,,F,FEMALE,,,CA,A,ASIAN,,,2016.0,JEEP,,,,,,,,,,,,,,
11542975,3369851,2,Driver,,False,,M,AIR BAG NOT DEPLOYED,G,OCCUPANT LAP SHOULDER HARNESS USED,,NONE APPARENT,,N,,,B,PROCEEDING STRAIGHT,G,IMPAIRMENT_NOT_KNOWN,,,M,MALE,,,CA,H,HISPANIC,,,2015.0,CHEV,,,,,,,,,,,,,,
11542974,3369851,1,Driver,,False,,M,AIR BAG NOT DEPLOYED,G,OCCUPANT LAP SHOULDER HARNESS USED,,NONE APPARENT,,W,,,E,MAKING LEFT TURN,G,IMPAIRMENT_NOT_KNOWN,,,M,MALE,,,CA,,,,,2015.0,TOYO,,,,,,,,,,,,,,
11542378,3369560,2,Driver,,False,,M,AIR BAG NOT DEPLOYED,B,OCCUPANT UNKNOWN,,,,N,,,A,STOPPED,A,HAD NOT BEEN DRINKING,,,F,FEMALE,,,CA,A,ASIAN,,,2015.0,PORS,,,,,,,,,,,,,,
11542377,3369560,1,Driver,True,False,,M,AIR BAG NOT DEPLOYED,B,OCCUPANT UNKNOWN,,INATTENTION,OTHER,N,,,B,PROCEEDING STRAIGHT,A,HAD NOT BEEN DRINKING,,,F,FEMALE,,,CA,B,BLACK,,,2008.0,VOLK,,,,,,,,,,,,,,
11542366,3369555,2,Driver,,False,,,,,,,NONE APPARENT,,E,,,D,MAKING RIGHT TURN,A,HAD NOT BEEN DRINKING,,,F,FEMALE,,,CA,W,WHITE,,,2015.0,BUIC,,,,,,,,,,,,,,
11542365,3369555,1,Bicyclist,True,False,,,,,,,INATTENTION,OTHER,W,,,B,PROCEEDING STRAIGHT,A,HAD NOT BEEN DRINKING,,,M,MALE,,,,H,HISPANIC,4.0,Bicycle,,,,,,,,,,,,,,,,
11542353,3369548,2,Driver,,False,,,,,,,,,N,,,B,PROCEEDING STRAIGHT,A,HAD NOT BEEN DRINKING,,,M,MALE,,,,H,HISPANIC,,,2015.0,HOND,,,,,,,,,,,,,,
11542352,3369548,1,Driver,True,False,,M,AIR BAG NOT DEPLOYED,G,OCCUPANT LAP SHOULDER HARNESS USED,,VC SECTION VIOLATED,,N,,,F,MAKING U TURN,A,HAD NOT BEEN DRINKING,,,M,MALE,,,CA,B,BLACK,,,1997.0,BMWX,,,,,,,,,,,,,,
11542342,3369543,2,Pedestrian,,False,,,,,,,,,,,,R,OTHER,B,HBD-UNDER INFLUENCE,,,M,MALE,,,,H,HISPANIC,60.0,Pedestrian,,,,,,,,,,,,,,,,
11542341,3369543,1,Driver,,False,,,,,,,,,,,,G,BACKING,H,NOT APPLICABLE,,,,,,,,,,,,2004.0,FORD,,,,,,,,,,,,,,
11541749,3369264,2,Driver,,False,,M,AIR BAG NOT DEPLOYED,G,OCCUPANT LAP SHOULDER HARNESS USED,,,,W,,,B,PROCEEDING STRAIGHT,A,HAD NOT BEEN DRINKING,,,M,MALE,,,CA,B,BLACK,,,2015.0,NISS,,,,,,,,,,,,,,
11541748,3369264,1,Driver,True,False,,M,AIR BAG NOT DEPLOYED,G,OCCUPANT LAP SHOULDER HARNESS USED,,VC SECTION VIOLATED - 23153,,W,,,B,PROCEEDING STRAIGHT,B,HBD-UNDER INFLUENCE,,,M,MALE,,,CA,H,HISPANIC,,,2004.0,FORD,,,,,,,,,,,,,,
11541740,3369260,2,Driver,,False,,M,AIR BAG NOT DEPLOYED,C,OCCUPANT LAP BELT USED,,VC SECTION VIOLATED - 20002,,N,,,B,PROCEEDING STRAIGHT,A,HAD NOT BEEN DRINKING,,,M,MALE,,,CA,H,HISPANIC,,,2005.0,,,,,,,,,,,,,,,
11541739,3369260,1,Driver,True,False,,M,AIR BAG NOT DEPLOYED,E,OCCUPANT SHOULDER HARNESS USED,,VC SECTION VIOLATED - 23153,,N,,,B,PROCEEDING STRAIGHT,B,HBD-UNDER INFLUENCE,,,M,MALE,,,CA,H,HISPANIC,,,2008.0,NISS,,,,,,,,,,,,,,
11541506,3369140,2,Driver,,False,,,,,,,,,N,,,B,PROCEEDING STRAIGHT,A,HAD NOT BEEN DRINKING,,,M,MALE,,,CA,W,WHITE,1.0,PassengerCarStationWagonJeep,2014.0,FORD,,,,,,,,,,,,,,
11541505,3369140,1,Bicyclist,True,False,,,,,,,,,E,,,B,PROCEEDING STRAIGHT,A,HAD NOT BEEN DRINKING,,,M,MALE,,,,W,WHITE,4.0,Bicycle,,,,,,,,,,,,,,,,
11541369,3369072,2,Driver,,False,,M,AIR BAG NOT DEPLOYED,G,OCCUPANT LAP SHOULDER HARNESS USED,,,,S,,,D,MAKING RIGHT TURN,A,HAD NOT BEEN DRINKING,,,M,MALE,,,CA,W,WHITE,,,2013.0,HYUN,,,,,,,,,,,,,,
11541368,3369072,1,Driver,,False,,M,AIR BAG NOT DEPLOYED,G,OCCUPANT LAP SHOULDER HARNESS USED,,,,W,,,B,PROCEEDING STRAIGHT,A,HAD NOT BEEN DRINKING,,,F,FEMALE,,,CA,W,WHITE,,,2006.0,HOND,,,,,,,,,,,,,,
11541364,3369068,2,Driver,,False,,L,AIR BAG DEPLOYED,G,OCCUPANT LAP SHOULDER HARNESS USED,CELL PHONE NOT IN USE,NONE APPARENT,,W,,,B,PROCEEDING STRAIGHT,A,HAD NOT BEEN DRINKING,,,F,FEMALE,,,CA,H,HISPANIC,,,1999.0,BMWX,,,,,,,,,,,,,,
11541362,3369068,1,Driver,True,False,,L,AIR BAG DEPLOYED,G,OCCUPANT LAP SHOULDER HARNESS USED,CELL PHONE NOT IN USE,VC SECTION VIOLATED - 23109,,S,,,B,PROCEEDING STRAIGHT,A,HAD NOT BEEN DRINKING,,,M,MALE,,,CA,A,ASIAN,,,2014.0,TOYO,,,,,,,,,,,,,,
11541358,3369066,2,Driver,,False,,M,AIR BAG NOT DEPLOYED,G,OCCUPANT LAP SHOULDER HARNESS USED,,STOP & GO TRAFFIC,,W,,,B,PROCEEDING STRAIGHT,G,IMPAIRMENT_NOT_KNOWN,,,F,FEMALE,,,CA,H,HISPANIC,,,2010.0,NISS,,,,,,,,,,,,,,
11541357,3369066,1,Pedestrian,True,False,,,,,,,VC SECTION VIOLATED - 21954 A / STOP & GO TRAFFIC,,N,,,B,PROCEEDING STRAIGHT,G,IMPAIRMENT_NOT_KNOWN,,,M,MALE,,,,H,HISPANIC,60.0,Pedestrian,,,,,,,,,,,,,,,,
11541352,3369063,2,Driver,,False,,M,AIR BAG NOT DEPLOYED,G,OCCUPANT LAP SHOULDER HARNESS USED,,,,N,,,B,PROCEEDING STRAIGHT,A,HAD NOT BEEN DRINKING,,,M,MALE,,,CA,W,WHITE,,,2014.0,MERB,,,,,,,,,,,,,,
11541351,3369063,1,Driver,True,False,,M,AIR BAG NOT DEPLOYED,G,OCCUPANT LAP SHOULDER HARNESS USED,,,,N,,,B,PROCEEDING STRAIGHT,A,HAD NOT BEEN DRINKING,,,F,FEMALE,,,CA,W,WHITE,,,2003.0,TOYO,,,,,,,,,,,,,,
11541341,3369058,2,Driver,,False,,M,AIR BAG NOT DEPLOYED,G,OCCUPANT LAP SHOULDER HARNESS USED,,,,,,,O,PARKED,A,HAD NOT BEEN DRINKING,,,M,MALE,,,CA,,,,,2011.0,TOYO,,,,,,,,,,,,,,
11541340,3369058,1,Driver,True,False,,L,AIR BAG DEPLOYED,G,OCCUPANT LAP SHOULDER HARNESS USED,,VC SECTION VIOLATED - 21658 / OTHER,,N,,,B,PROCEEDING STRAIGHT,F,IMPAIRMENT-PHYSICAL,,,M,MALE,,,CA,H,HISPANIC,,,2005.0,TOYO,,,,,,,,,,,,,,
11541334,3369054,2,Pedestrian,,False,,,,,,,,,,,,,,,,,,F,FEMALE,,,,H,HISPANIC,60.0,Pedestrian,,,,,,,,,,,,,,,,
11541333,3369054,1,Driver,True,False,,,,,,,VC SECTION VIOLATED - 20001,,,,,B,PROCEEDING STRAIGHT,,,,,,,,,,,,,,2010.0,NISS,,,,,,,,,,,,,,
11541325,3369050,2,Driver,,False,,L,AIR BAG DEPLOYED,G,OCCUPANT LAP SHOULDER HARNESS USED,,NONE APPARENT,,S,,,B,PROCEEDING STRAIGHT,A,HAD NOT BEEN DRINKING,,,F,FEMALE,,,,H,HISPANIC,,,2015.0,TOYO,,,,,,,,,,,,,,
11541324,3369050,1,Driver,True,False,,M,AIR BAG NOT DEPLOYED,,,,NONE APPARENT,,N,,,F,MAKING U TURN,A,HAD NOT BEEN DRINKING,,,M,MALE,,,CA,W,WHITE,,,2008.0,TOYO,,,,,,,,,,,,,,
11541243,3369011,2,Driver,,False,,M,AIR BAG NOT DEPLOYED,B,OCCUPANT UNKNOWN,,,,E,,,,,A,HAD NOT BEEN DRINKING,,,F,FEMALE,,,CA,W,WHITE,,,2011.0,AUDI,,,,,,,,,,,,,,
11541242,3369011,1,Bicyclist,True,False,,,,,,,VISION OBSCUREMENT,,N,,,B,PROCEEDING STRAIGHT,A,HAD NOT BEEN DRINKING,,,M,MALE,,,,H,HISPANIC,4.0,Bicycle,,,,,,,,,,,,,,,,
11541069,3368923,2,Driver,,False,,M,AIR BAG NOT DEPLOYED,S,CHILD IN VEHICLE USE UNKNOWN,CELL PHONE NOT IN USE,PREVIOUS COLLISION,,N,,,F,MAKING U TURN,A,HAD NOT BEEN DRINKING,,,M,MALE,,,CA,H,HISPANIC,,,1999.0,ACUR,,,,,,,,,,,,,,
11541068,3368923,1,Driver,,False,,B,UNKNOWN,,,CELL PHONE NOT IN USE,PREVIOUS COLLISION,,S,,,B,PROCEEDING STRAIGHT,G,IMPAIRMENT_NOT_KNOWN,,,,,,,,,,,,,HOND,,,,,,,,,,,,,,
11541062,3368920,2,Driver,,False,,M,AIR BAG NOT DEPLOYED,G,OCCUPANT LAP SHOULDER HARNESS USED,,NONE APPARENT,,S,,,B,PROCEEDING STRAIGHT,A,HAD NOT BEEN DRINKING,,,M,MALE,,,CA,H,HISPANIC,,,2016.0,TOYO,,,,,,,,,,,,,,
11541061,3368920,1,Driver,True,False,,L,AIR BAG DEPLOYED,G,OCCUPANT LAP SHOULDER HARNESS USED,,NONE APPARENT,,N,,,E,MAKING LEFT TURN,A,HAD NOT BEEN DRINKING,,,F,FEMALE,,,CA,H,HISPANIC,,,2014.0,TOYO,,,,,,,,,,,,,,
11541054,3368916,2,Driver,,False,,M,AIR BAG NOT DEPLOYED,B,OCCUPANT UNKNOWN,,,,S,,,E,MAKING LEFT TURN,,,,,M,MALE,,C,CA,A,ASIAN,,,2003.0,FORD,,,,,,,,,,,,,,
11541053,3368916,1,Driver,,False,,L,AIR BAG DEPLOYED,B,OCCUPANT UNKNOWN,,INATTENTION,OTHER,N,,,B,PROCEEDING STRAIGHT,,,,,F,FEMALE,,,CA,H,HISPANIC,,,2017.0,TOYO,,,,,,,,,,,,,,
11541042,3368911,3,Driver,,False,,M,AIR BAG NOT DEPLOYED,G,OCCUPANT LAP SHOULDER HARNESS USED,,,,S,,,A,STOPPED,H,NOT APPLICABLE,,,M,MALE,,,CA,A,ASIAN,,,2010.0,LEXU,,,,,,,,,,,,,,
11541041,3368911,2,Driver,,False,,L,AIR BAG DEPLOYED,G,OCCUPANT LAP SHOULDER HARNESS USED,,,,W,,,B,PROCEEDING STRAIGHT,H,NOT APPLICABLE,,,F,FEMALE,,,CA,A,ASIAN,,,,AUDI,,,,,,,,,,,,,,
11541040,3368911,1,Driver,True,False,,L,AIR BAG DEPLOYED,G,OCCUPANT LAP SHOULDER HARNESS USED,,INATTENTION,OTHER,N,,,E,MAKING LEFT TURN,H,NOT APPLICABLE,,,F,FEMALE,,,CA,A,ASIAN,,,2005.0,TOYO,,,,,,,,,,,,,,
11541039,3368910,3,ParkedVehicle,,False,,,,,,,,,,,,O,PARKED,,,,,,,,,,,,,,2001.0,CHEV,,,,,,,,,,,,,,
11541038,3368910,2,ParkedVehicle,,False,,,,,,,,,,,,O,PARKED,,,,,,,,,,,,,,2017.0,TOYO,,,,,,,,,,,,,,
11541037,3368910,1,Driver,True,False,,L,AIR BAG DEPLOYED,G,OCCUPANT LAP SHOULDER HARNESS USED,CELL PHONE NOT IN USE,NONE APPARENT,,S,,,B,PROCEEDING STRAIGHT,A,HAD NOT BEEN DRINKING,,,F,FEMALE,,,CA,H,HISPANIC,,,2014.0,FORD,,,,,,,,,,,,,,
11541030,3368905,1,Driver,True,False,,M,AIR BAG NOT DEPLOYED,G,OCCUPANT LAP SHOULDER HARNESS USED,,NONE APPARENT,,N,,,D,MAKING RIGHT TURN,A,HAD NOT BEEN DRINKING,,,M,MALE,,,CA,,,,,2004.0,INFI,,,,,,,,,,,,,,
11540361,3368556,1,Driver,True,False,,L,AIR BAG DEPLOYED,G,OCCUPANT LAP SHOULDER HARNESS USED,,OTHER,,E,,,C,RAN OFF ROAD,A,HAD NOT BEEN DRINKING,,,M,MALE,,,CA,W,WHITE,,,2011.0,TOYO,,,,,,,,,,,,,,
11540179,3368466,2,Driver,,False,,M,AIR BAG NOT DEPLOYED,H,OCCUPANT LAP SHOULDER HARNESS NOT USED,,,,S,,,B,PROCEEDING STRAIGHT,A,HAD NOT BEEN DRINKING,,,M,MALE,,,CA,B,BLACK,1.0,PassengerCarStationWagonJeep,1965.0,FORD,,,,,,,,,,,,,,
11540178,3368466,1,Driver,True,False,,M,AIR BAG NOT DEPLOYED,G,OCCUPANT LAP SHOULDER HARNESS USED,,VISION OBSCUREMENT,,E,,,B,PROCEEDING STRAIGHT,A,HAD NOT BEEN DRINKING,,,M,MALE,,,CA,,,,,2013.0,TOYO,,,,,,,,,,,,,,
11540171,3368462,2,ParkedVehicle,,False,,,,,,,,,,,,O,PARKED,H,NOT APPLICABLE,,,,,,,,,,,,2014.0,HYUN,,,,,,,,,,,,,,
11540170,3368462,1,Driver,True,False,,,,,,,,,,,,M,OTHER UNSAFE TURNING,I,SLEEPY/FATIGUED,,,M,MALE,,,CA,H,HISPANIC,,,2017.0,HYUN,,,,,,,,,,,,,,
11540164,3368458,2,Pedestrian,,False,,,,,,,,,W,,,B,PROCEEDING STRAIGHT,H,NOT APPLICABLE,,,F,FEMALE,,,,H,HISPANIC,60.0,Pedestrian,,,,,,,,,,,,,,,,
11540163,3368458,1,Driver,True,False,,M,AIR BAG NOT DEPLOYED,G,OCCUPANT LAP SHOULDER HARNESS USED,,INATTENTION,OTHER,N,,,B,PROCEEDING STRAIGHT,H,NOT APPLICABLE,,,F,FEMALE,,,CA,H,HISPANIC,1.0,PassengerCarStationWagonJeep,2010.0,TOYO,,,,,,,,,,,,,,
11540156,3368454,2,Driver,,False,,M,AIR BAG NOT DEPLOYED,B,OCCUPANT UNKNOWN,,,,N,,,A,STOPPED,A,HAD NOT BEEN DRINKING,,,M,MALE,,,CA,W,WHITE,,,1996.0,FORD,,,,,,,,,,,,,,
11540155,3368454,1,Driver,True,False,,M,AIR BAG NOT DEPLOYED,B,OCCUPANT UNKNOWN,,INATTENTION,OTHER,N,,,B,PROCEEDING STRAIGHT,A,HAD NOT BEEN DRINKING,,,F,FEMALE,,,,H,HISPANIC,,,2003.0,HOND,,,,,,,,,,,,,,
11540154,3368453,2,Driver,,False,,M,AIR BAG NOT DEPLOYED,B,OCCUPANT UNKNOWN,,NONE APPARENT,,,,,P,MERGING,A,HAD NOT BEEN DRINKING,,,F,FEMALE,,,CA,A,ASIAN,,,2014.0,TOYO,,,,,,,,,,,,,,
11540153,3368453,1,Driver,True,False,,,,,,,NONE APPARENT,,,,,B,PROCEEDING STRAIGHT,H,NOT APPLICABLE,,,,,,,,,,,,,TOYO,,,,,,,,,,,,,,
11540149,3368450,2,Driver,,False,,L,AIR BAG DEPLOYED,G,OCCUPANT LAP SHOULDER HARNESS USED,,NONE APPARENT,,S,,,B,PROCEEDING STRAIGHT,A,HAD NOT BEEN DRINKING,,,M,MALE,,,CA,B,BLACK,,,2013.0,MERB,,,,,,,,,,,,,,
11540148,3368450,1,Driver,True,False,,L,AIR BAG DEPLOYED,G,OCCUPANT LAP SHOULDER HARNESS USED,,NONE APPARENT,,W,,,B,PROCEEDING STRAIGHT,A,HAD NOT BEEN DRINKING,,,F,FEMALE,,,CA,W,WHITE,,,2010.0,MAZD,,,,,,,,,,,,,,
11540147,3368449,3,ParkedVehicle,,False,,,,,,,NONE APPARENT,,,,,O,PARKED,H,NOT APPLICABLE,,,,,,,,,,,,1996.0,MERB,,,,,,,,,,,,,,
11540146,3368449,2,Driver,,False,,,,,,,NONE APPARENT,,,,,B,PROCEEDING STRAIGHT,C,HBD-NOT UNDER INFLUENCE,,,F,FEMALE,,,CA,,,,,2016.0,HOND,,,,,,,,,,,,,,
11540145,3368449,1,Driver,True,False,,,,,,,NONE APPARENT,,,,,L,ENTERING TRAFFICD,G,IMPAIRMENT_NOT_KNOWN,,,,,,,,,,,,1997.0,HOND,,,,,,,,,,,,,,
11540137,3368445,1,Driver,True,False,,L,AIR BAG DEPLOYED,G,OCCUPANT LAP SHOULDER HARNESS USED,CELL PHONE NOT IN USE,NONE APPARENT,,N,,,B,PROCEEDING STRAIGHT,A,HAD NOT BEEN DRINKING,,,M,MALE,,F,NM,W,WHITE,,,2011.0,KIAX,,,,,,,,,,,,,,
11540129,3368441,1,Driver,True,False,,,,,,,VC SECTION VIOLATED - 22350,,W,,,G,BACKING,G,IMPAIRMENT_NOT_KNOWN,,,M,MALE,,,CA,H,HISPANIC,,,2009.0,MITS,,,,,,,,,,,,,,
11540093,3368423,2,Bicyclist,,False,,,,,,,,,,,,B,PROCEEDING STRAIGHT,,,,,F,FEMALE,,,,W,WHITE,4.0,Bicycle,,,,,,,,,,,,,,,,
11540092,3368423,1,Driver,,False,,,,,,,,,,,,B,PROCEEDING STRAIGHT,,,,,,,,,,,,99.0,OtherUnknownHitAndRunDriver,,,,,,,,,,,,,,,,
11540062,3368407,2,Driver,,False,,B,UNKNOWN,G,OCCUPANT LAP SHOULDER HARNESS USED,,,,W,,,B,PROCEEDING STRAIGHT,A,HAD NOT BEEN DRINKING,,,M,MALE,,,CA,A,ASIAN,,,1998.0,TOYO,,,,,,,,,,,,,,
11540061,3368407,1,Driver,,False,,L,AIR BAG DEPLOYED,G,OCCUPANT LAP SHOULDER HARNESS USED,,,,E,,,E,MAKING LEFT TURN,A,HAD NOT BEEN DRINKING,,,M,MALE,,,CA,A,ASIAN,,,2000.0,HOND,,,,,,,,,,,,,,
11539660,3368216,2,Bicyclist,,False,,,,,,HAZARDOUS MATERIAL,,,S,,,J,CHANGING LANES,D,HBD-IMPAIRMENT UNKNOWN,,,,,,,,,,4.0,Bicycle,,,,,,,,,,,,,,,,
11539659,3368216,1,Driver,True,False,,B,UNKNOWN,G,OCCUPANT LAP SHOULDER HARNESS USED,HAZARDOUS MATERIAL,,,S,,,B,PROCEEDING STRAIGHT,D,HBD-IMPAIRMENT UNKNOWN,,,F,FEMALE,,,CA,H,HISPANIC,,,2014.0,TOYO,,,,,,,,,,,,,,
11539515,3368149,3,Driver,,False,,M,AIR BAG NOT DEPLOYED,C,OCCUPANT LAP BELT USED,,,,N,,,B,PROCEEDING STRAIGHT,A,HAD NOT BEEN DRINKING,,,F,FEMALE,,,CA,O,OTHER,1.0,PassengerCarStationWagonJeep,2015.0,MAZD,,,,,,,,,,,,,,
11539514,3368149,2,Driver,,False,,M,AIR BAG NOT DEPLOYED,C,OCCUPANT LAP BELT USED,,,,N,,,A,STOPPED,A,HAD NOT BEEN DRINKING,,,F,FEMALE,,,CA,H,HISPANIC,1.0,PassengerCarStationWagonJeep,2008.0,HOND,,,,,,,,,,,,,,
11539513,3368149,1,Driver,True,False,,,,,,,,,N,,,E,MAKING LEFT TURN,D,HBD-IMPAIRMENT UNKNOWN,,,,,,,,,,1.0,PassengerCarStationWagonJeep,2004.0,LEXU,,,,,,,,,,,,,,
11539195,3367996,3,Driver,,False,,M,AIR BAG NOT DEPLOYED,,,CELL PHONE NOT IN USE,PREVIOUS COLLISION,,N,,,A,STOPPED,A,HAD NOT BEEN DRINKING,,,F,FEMALE,,,CA,O,OTHER,1.0,PassengerCarStationWagonJeep,2001.0,ACUR,,,,,,,,,,,,,,
11539194,3367996,2,Driver,,False,,M,AIR BAG NOT DEPLOYED,,,CELL PHONE NOT IN USE,PREVIOUS COLLISION,,N,,,A,STOPPED,A,HAD NOT BEEN DRINKING,,,F,FEMALE,,,CA,O,OTHER,1.0,PassengerCarStationWagonJeep,2012.0,HOND,,,,,,,,,,,,,,
11539193,3367996,1,Driver,True,False,,M,AIR BAG NOT DEPLOYED,,,CELL PHONE NOT IN USE,PREVIOUS COLLISION,,N,,,B,PROCEEDING STRAIGHT,A,HAD NOT BEEN DRINKING,,,M,MALE,,,CA,W,WHITE,1.0,PassengerCarStationWagonJeep,2011.0,CHEV,,,,,,,,,,,,,,
11539091,3367943,2,Driver,,False,,M,AIR BAG NOT DEPLOYED,G,OCCUPANT LAP SHOULDER HARNESS USED,,,,E,,,A,STOPPED,A,HAD NOT BEEN DRINKING,,,M,MALE,,,CA,H,HISPANIC,22.0,PickupsAndPanels,2006.0,CHEV,,,,,,,,,,,,,,
11539090,3367943,1,Driver,True,False,,M,AIR BAG NOT DEPLOYED,G,OCCUPANT LAP SHOULDER HARNESS USED,CELL PHONE HANDHELD IN USE,VC SECTION VIOLATED / INATTENTION,CELL PHONE HANDSFREE,E,,,B,PROCEEDING STRAIGHT,A,HAD NOT BEEN DRINKING,,,M,MALE,,,,H,HISPANIC,8.0,MiniVan,2003.0,FORD,,,,,,,,,,,,,,
11539018,3367905,2,Driver,,False,,M,AIR BAG NOT DEPLOYED,G,OCCUPANT LAP SHOULDER HARNESS USED,,NONE APPARENT,,E,,,B,PROCEEDING STRAIGHT,A,HAD NOT BEEN DRINKING,,,M,MALE,,,CA,A,ASIAN,22.0,PickupsAndPanels,2012.0,GMCX,,,,,,,,,,,,,,
11539017,3367905,1,Driver,True,False,,M,AIR BAG NOT DEPLOYED,G,OCCUPANT LAP SHOULDER HARNESS USED,,ENTERING OR LEAVING RAMP,,E,,,P,MERGING,A,HAD NOT BEEN DRINKING,,,M,MALE,,,CA,W,WHITE,1.0,PassengerCarStationWagonJeep,2008.0,DODG,,,,,,,,,,,,,,
11558473,3377447,2,Driver,,False,,M,AIR BAG NOT DEPLOYED,G,OCCUPANT LAP SHOULDER HARNESS USED,,NONE APPARENT,,E,,,B,PROCEEDING STRAIGHT,A,HAD NOT BEEN DRINKING,,,F,FEMALE,,,CA,O,OTHER,,,2011.0,BMWX,,,,,,,,,,,,,,
11558472,3377447,1,Driver,True,False,,L,AIR BAG DEPLOYED,G,OCCUPANT LAP SHOULDER HARNESS USED,,UNFAMILIAR WITH ROAD,,N,,,B,PROCEEDING STRAIGHT,A,HAD NOT BEEN DRINKING,,,F,FEMALE,,F,NH,O,OTHER,,,2017.0,HYUN,,,,,,,,,,,,,,
11558445,3377432,2,Driver,,False,,M,AIR BAG NOT DEPLOYED,G,OCCUPANT LAP SHOULDER HARNESS USED,,,,N,,,B,PROCEEDING STRAIGHT,,,,,M,MALE,,F,WA,H,HISPANIC,,,2006.0,HOND,,,,,,,,,,,,,,
11558444,3377432,1,Driver,True,False,,B,UNKNOWN,,,CELL PHONE NOT IN USE,,,N,,,A,STOPPED,A,HAD NOT BEEN DRINKING,,,,,,,,,,,,2010.0,FORD,,,,,,,,,,,,,,
11557939,3377180,2,Driver,,False,,L,AIR BAG DEPLOYED,B,OCCUPANT UNKNOWN,,NONE APPARENT,,N,,,E,MAKING LEFT TURN,C,HBD-NOT UNDER INFLUENCE,,,F,FEMALE,,,CA,,,,,2007.0,TOYO,,,,,,,,,,,,,,
11557938,3377180,1,Driver,True,False,,L,AIR BAG DEPLOYED,B,OCCUPANT UNKNOWN,,NONE APPARENT,,E,,,B,PROCEEDING STRAIGHT,C,HBD-NOT UNDER INFLUENCE,,,M,MALE,,U,,H,HISPANIC,,,1998.0,FORD,,,,,,,,,,,,,,
11557935,3377178,3,Driver,,False,,,,,,,,,,,,,,,,,,M,MALE,,B,CA,A,ASIAN,,,2003.0,AUDI,,,,,,,,,,,,,,
11557934,3377178,2,Driver,,False,,M,AIR BAG NOT DEPLOYED,C,OCCUPANT LAP BELT USED,,,,S,,,O,PARKED,H,NOT APPLICABLE,,,F,FEMALE,,C,CA,W,WHITE,,,2003.0,TOYO,,,,,,,,,,,,,,
11557933,3377178,1,Driver,True,False,,M,AIR BAG NOT DEPLOYED,C,OCCUPANT LAP BELT USED,,,,E,,,B,PROCEEDING STRAIGHT,H,NOT APPLICABLE,,,M,MALE,,F,,H,HISPANIC,,,2006.0,FORD,,,,,,,,,,,,,,
11557670,3377051,2,Driver,,False,,,,,,CELL PHONE NOT IN USE,NONE APPARENT,,N,,,B,PROCEEDING STRAIGHT,A,HAD NOT BEEN DRINKING,,,M,MALE,,,CA,H,HISPANIC,1.0,PassengerCarStationWagonJeep,2016.0,SUBA,,,,,,,,,,,,,,
11557669,3377051,1,Driver,True,False,,M,AIR BAG NOT DEPLOYED,G,OCCUPANT LAP SHOULDER HARNESS USED,CELL PHONE NOT IN USE,NONE APPARENT,,W,,,B,PROCEEDING STRAIGHT,A,HAD NOT BEEN DRINKING,,,M,MALE,,,CA,H,HISPANIC,1.0,PassengerCarStationWagonJeep,2003.0,INFI,,,,,,,,,,,,,,
11557344,3376891,2,Driver,,False,,M,AIR BAG NOT DEPLOYED,G,OCCUPANT LAP SHOULDER HARNESS USED,CELL PHONE NOT IN USE,NONE APPARENT,,N,,,D,MAKING RIGHT TURN,E,UNDER_DRUG_INFLUENCE,,,M,MALE,,,CA,H,HISPANIC,,,2006.0,ORTR,,,,,,,,,,,,,,