PartyId,CollisionId,PartyNumber,PartyType,IsAtFault,IsOnDutyEmergencyVehicle,IsHitAndRun,AirbagCode,AirbagDescription,SafetyEquipmentCode,SafetyEquipmentDescription,Special Information,Other Associate Factor,Inattention,DirectionOfTravel,StreetOrHighwayName,SpeedLimit,MovementPrecCollCode,MovementPrecCollDescription,SobrietyDrugPhysicalCode1,SobrietyDrugPhysicalDescription1,SobrietyDrugPhysicalCode2,SobrietyDrugPhysicalDescription2,GenderCode,GenderDescription,StatedAge,DriverLicenseClass,DriverLicenseStateCode,RaceCode,RaceDesc,Vehicle1TypeId, Vehicle1TypeDesc, Vehicle1Year,Vehicle1Make,Vehicle1Model,Vehicle1Color,V1IsVehicleTowed,Vehicle2TypeId, Vehicle2TypeDesc, Vehicle2Year,Vehicle2Make,Vehicle2Model,Vehicle2Color,V2IsVehicleTowed,Lane,ThruLanes,TotalLanes,IsDREConducted
11557343,3376891,1,Driver,True,False,,P,NOT REQUIRED,,,CELL PHONE NOT IN USE,VC SECTION VIOLATED - 12500 B / NONE APPARENT,,N,,,I,PASSING OTHER VEHICLE,G,IMPAIRMENT_NOT_KNOWN,,,M,MALE,,,CA,H,HISPANIC,,,2010.0,KAWA,,,,,,,,,,,,,,
11557117,3376781,2,Pedestrian,,False,,,,,,,,,E,,,A,STOPPED,B,HBD-UNDER INFLUENCE,,,M,MALE,,,,H,HISPANIC,60.0,Pedestrian,,,,,,,,,,,,,,,,
11557116,3376781,1,Driver,True,False,,,,,,,VC SECTION VIOLATED - 20001,,N,,,B,PROCEEDING STRAIGHT,G,IMPAIRMENT_NOT_KNOWN,,,,,,,,,,99.0,OtherUnknownHitAndRunDriver,,CHEV,,,,,,,,,,,,,,
11557115,3376779,2,Driver,,False,,,,,,,,,S,,,B,PROCEEDING STRAIGHT,E,UNDER_DRUG_INFLUENCE,,,M,MALE,,C,CA,,,,,2008.0,SUZU,,,,,,,,,,,,,,
11557114,3376779,1,Driver,True,False,,M,AIR BAG NOT DEPLOYED,G,OCCUPANT LAP SHOULDER HARNESS USED,,,,N,,,E,MAKING LEFT TURN,A,HAD NOT BEEN DRINKING,,,M,MALE,,C,CA,H,HISPANIC,,,2003.0,NISS,,,,,,,,,,,,,,
11557109,3376777,2,Bicyclist,,False,,,,,,,,,S,,,B,PROCEEDING STRAIGHT,H,NOT APPLICABLE,,,M,MALE,,,,A,ASIAN,4.0,Bicycle,,,,,,,,,,,,,,,,
11557108,3376777,1,Driver,True,False,,N,OTHER,B,OCCUPANT UNKNOWN,CELL PHONE HANDHELD IN USE,VC SECTION VIOLATED - 21658 A / INATTENTION,CELL PHONE HANDHELD,S,,,B,PROCEEDING STRAIGHT,G,IMPAIRMENT_NOT_KNOWN,,,M,MALE,,,CA,H,HISPANIC,,,2002.0,NISS,,,,,,,,,,,,,,
11556984,3376719,2,Driver,True,False,,,,,,CELL PHONE NOT IN USE,NONE APPARENT,,,,,E,MAKING LEFT TURN,A,HAD NOT BEEN DRINKING,E,UNDER_DRUG_INFLUENCE,M,MALE,,C,CA,,,,,2014.0,TOYO,,,,,,,,,,,,,,
11556983,3376719,1,Driver,,False,,P,NOT REQUIRED,A,OCCUPANT NONE IN VEHICLE,CELL PHONE NOT IN USE,VC SECTION VIOLATED - 12500 B / NONE APPARENT,,S,,,B,PROCEEDING STRAIGHT,G,IMPAIRMENT_NOT_KNOWN,,,M,MALE,,C,CA,H,HISPANIC,,,2014.0,SUZU,,,,,,,,,,,,,,
11556982,3376718,2,Driver,,False,,M,AIR BAG NOT DEPLOYED,B,OCCUPANT UNKNOWN,,VC SECTION VIOLATED - 23152 F / NONE APPARENT,,N,,,B,PROCEEDING STRAIGHT,E,UNDER_DRUG_INFLUENCE,,,F,FEMALE,,,CA,A,ASIAN,,,1997.0,TOYO,,,,,,,,,,,,,,
11556981,3376718,1,Driver,True,False,,L,AIR BAG DEPLOYED,G,OCCUPANT LAP SHOULDER HARNESS USED,,NONE APPARENT,,E,,,E,MAKING LEFT TURN,A,HAD NOT BEEN DRINKING,E,UNDER_DRUG_INFLUENCE,M,MALE,,,CA,A,ASIAN,,,2004.0,MERB,,,,,,,,,,,,,,
11556980,3376717,3,Driver,,False,,,,,,,,,E,,,B,PROCEEDING STRAIGHT,A,HAD NOT BEEN DRINKING,E,UNDER_DRUG_INFLUENCE,M,MALE,,C,CA,H,HISPANIC,,,1994.0,ACUR,,,,,,,,,,,,,,
11556979,3376717,2,Driver,,False,,,,,,,,,E,,,B,PROCEEDING STRAIGHT,A,HAD NOT BEEN DRINKING,,,M,MALE,,C,CA,A,ASIAN,,,2004.0,TOYO,,,,,,,,,,,,,,
11556978,3376717,1,Pedestrian,True,False,,,,,,,,,S,,,,,A,HAD NOT BEEN DRINKING,,,M,MALE,,,,O,OTHER,60.0,Pedestrian,,,,,,,,,,,,,,,,
11556502,3376485,2,Other,,False,,,,,,,,,,,,B,PROCEEDING STRAIGHT,A,HAD NOT BEEN DRINKING,,,,,,,,,,,,,,,,,,,,,,,,,,,
11556501,3376485,1,Driver,True,False,,B,UNKNOWN,,,,,,S,,,B,PROCEEDING STRAIGHT,G,IMPAIRMENT_NOT_KNOWN,,,M,MALE,,,CA,,,,,1997.0,BUIC,,,,,,,,,,,,,,
11556427,3376448,2,Driver,,False,,M,AIR BAG NOT DEPLOYED,G,OCCUPANT LAP SHOULDER HARNESS USED,,NONE APPARENT,,N,,,B,PROCEEDING STRAIGHT,A,HAD NOT BEEN DRINKING,,,F,FEMALE,,,CA,H,HISPANIC,,,2013.0,NISS,,,,,,,,,,,,,,
11556426,3376448,1,Driver,True,False,,M,AIR BAG NOT DEPLOYED,G,OCCUPANT LAP SHOULDER HARNESS USED,,NONE APPARENT,,N,,,E,MAKING LEFT TURN,A,HAD NOT BEEN DRINKING,,,F,FEMALE,,,CA,W,WHITE,,,2003.0,HOND,,,,,,,,,,,,,,
11556406,3376439,2,Driver,,False,,M,AIR BAG NOT DEPLOYED,G,OCCUPANT LAP SHOULDER HARNESS USED,CELL PHONE NOT IN USE,NONE APPARENT,,,,,B,PROCEEDING STRAIGHT,G,IMPAIRMENT_NOT_KNOWN,,,,,,,,,,,,,,,,,,,,,,,,,,,
11556405,3376439,1,Driver,True,False,,,,,,CELL PHONE NOT IN USE,NONE APPARENT,,,,,P,MERGING,G,IMPAIRMENT_NOT_KNOWN,,,,,,,,,,,,,,,,,,,,,,,,,,,
11551944,3374223,4,Driver,,False,,M,AIR BAG NOT DEPLOYED,G,OCCUPANT LAP SHOULDER HARNESS USED,CELL PHONE NOT IN USE,NONE APPARENT,,S,,,B,PROCEEDING STRAIGHT,A,HAD NOT BEEN DRINKING,,,M,MALE,,,CA,A,ASIAN,,,2017.0,VOLK,,,,,,,,,,,,,,
11551943,3374223,3,Driver,,False,,M,AIR BAG NOT DEPLOYED,G,OCCUPANT LAP SHOULDER HARNESS USED,CELL PHONE NOT IN USE,NONE APPARENT,,S,,,B,PROCEEDING STRAIGHT,A,HAD NOT BEEN DRINKING,,,F,FEMALE,,,CA,A,ASIAN,,,2007.0,ACUR,,,,,,,,,,,,,,
11551942,3374223,2,Driver,,False,,L,AIR BAG DEPLOYED,G,OCCUPANT LAP SHOULDER HARNESS USED,CELL PHONE NOT IN USE,NONE APPARENT,,S,,,B,PROCEEDING STRAIGHT,A,HAD NOT BEEN DRINKING,,,F,FEMALE,,,CA,H,HISPANIC,,,2005.0,VOLK,,,,,,,,,,,,,,
11551941,3374223,1,Driver,True,False,,L,AIR BAG DEPLOYED,G,OCCUPANT LAP SHOULDER HARNESS USED,CELL PHONE NOT IN USE,NONE APPARENT,,S,,,B,PROCEEDING STRAIGHT,A,HAD NOT BEEN DRINKING,,,M,MALE,,,CA,A,ASIAN,,,1994.0,TOYO,,,,,,,,,,,,,,
11549834,3373212,2,Bicyclist,,False,,,,,,,,,,,,B,PROCEEDING STRAIGHT,C,HBD-NOT UNDER INFLUENCE,,,F,FEMALE,,,,A,ASIAN,4.0,Bicycle,,,,,,,,,,,,,,,,
11549833,3373212,1,Driver,True,False,,M,AIR BAG NOT DEPLOYED,B,OCCUPANT UNKNOWN,,,,W,,,D,MAKING RIGHT TURN,C,HBD-NOT UNDER INFLUENCE,,,M,MALE,,,,A,ASIAN,,,2006.0,TOYO,,,,,,,,,,,,,,
11549830,3373210,2,Driver,,False,,L,AIR BAG DEPLOYED,G,OCCUPANT LAP SHOULDER HARNESS USED,CELL PHONE NOT IN USE,NONE APPARENT,,N,,,B,PROCEEDING STRAIGHT,A,HAD NOT BEEN DRINKING,,,M,MALE,,F,AR,W,WHITE,,,2016.0,NISS,,,,,,,,,,,,,,
11549829,3373210,1,Driver,True,False,,L,AIR BAG DEPLOYED,G,OCCUPANT LAP SHOULDER HARNESS USED,CELL PHONE NOT IN USE,UNFAMILIAR WITH ROAD,,W,,,B,PROCEEDING STRAIGHT,A,HAD NOT BEEN DRINKING,,,M,MALE,,,,W,WHITE,,,2003.0,FORD,,,,,,,,,,,,,,
11568554,3382394,2,ParkedVehicle,,False,,,,,,CELL PHONE NOT IN USE,NONE APPARENT,,W,,,O,PARKED,,,,,,,,,,,,1.0,PassengerCarStationWagonJeep,1994.0,CHEV,,,,,,,,,,,,,,
11568553,3382394,1,Driver,True,False,,M,AIR BAG NOT DEPLOYED,B,OCCUPANT UNKNOWN,CELL PHONE NOT IN USE,RUNAWAY VEHICLE,,W,,,C,RAN OFF ROAD,B,HBD-UNDER INFLUENCE,,,M,MALE,,,,H,HISPANIC,1.0,PassengerCarStationWagonJeep,1997.0,HOND,,,,,,,,,,,,,,
11568366,3382302,2,Pedestrian,,False,,,,,,CELL PHONE NOT IN USE,NONE APPARENT,,,,,A,STOPPED,H,NOT APPLICABLE,,,M,MALE,,,,A,ASIAN,60.0,Pedestrian,,,,,,,,,,,,,,,,
11568365,3382302,1,Driver,True,False,,B,UNKNOWN,,,,NONE APPARENT,,E,,,B,PROCEEDING STRAIGHT,H,NOT APPLICABLE,,,,,,,,,,,,2005.0,TOYO,,,,,,,,,,,,,,
11568060,3382153,2,Driver,,False,,L,AIR BAG DEPLOYED,G,OCCUPANT LAP SHOULDER HARNESS USED,,,,E,,,B,PROCEEDING STRAIGHT,A,HAD NOT BEEN DRINKING,,,M,MALE,,,CA,H,HISPANIC,,,2014.0,TOYO,,,,,,,,,,,,,,
11568059,3382153,1,Driver,True,False,,M,AIR BAG NOT DEPLOYED,H,OCCUPANT LAP SHOULDER HARNESS NOT USED,,,,E,,,E,MAKING LEFT TURN,A,HAD NOT BEEN DRINKING,,,F,FEMALE,,,CA,H,HISPANIC,,,2007.0,GMCX,,,,,,,,,,,,,,
11567921,3382089,2,Driver,,False,,L,AIR BAG DEPLOYED,G,OCCUPANT LAP SHOULDER HARNESS USED,CELL PHONE NOT IN USE,NONE APPARENT,,E,,,B,PROCEEDING STRAIGHT,A,HAD NOT BEEN DRINKING,,,F,FEMALE,,C,CA,H,HISPANIC,,,2016.0,DODG,,,,,,,,,,,,,,
11567920,3382089,1,Driver,True,False,,M,AIR BAG NOT DEPLOYED,G,OCCUPANT LAP SHOULDER HARNESS USED,CELL PHONE NOT IN USE,NONE APPARENT,,E,,,F,MAKING U TURN,A,HAD NOT BEEN DRINKING,,,F,FEMALE,,C,CA,H,HISPANIC,,,1998.0,FORD,,,,,,,,,,,,,,
11567905,3382082,3,Driver,,False,,M,AIR BAG NOT DEPLOYED,G,OCCUPANT LAP SHOULDER HARNESS USED,,,,N,,,A,STOPPED,A,HAD NOT BEEN DRINKING,,,F,FEMALE,,,CA,W,WHITE,,,2008.0,KIAX,,,,,,,,,,,,,,
11567904,3382082,2,Driver,,False,,M,AIR BAG NOT DEPLOYED,G,OCCUPANT LAP SHOULDER HARNESS USED,,,,N,,,A,STOPPED,A,HAD NOT BEEN DRINKING,,,F,FEMALE,,,CA,O,OTHER,,,2008.0,SMRT,,,,,,,,,,,,,,
11567903,3382082,1,Driver,True,False,,M,AIR BAG NOT DEPLOYED,G,OCCUPANT LAP SHOULDER HARNESS USED,,,,N,,,B,PROCEEDING STRAIGHT,A,HAD NOT BEEN DRINKING,,,F,FEMALE,,,CA,B,BLACK,,,2015.0,NISS,,,,,,,,,,,,,,
11567898,3382079,2,ParkedVehicle,,False,,,,,,,,,S,,,O,PARKED,,,,,,,,,,,,,,2001.0,CHEV,,,,,,,,,,,,,,
11567897,3382079,1,Driver,True,False,,M,AIR BAG NOT DEPLOYED,G,OCCUPANT LAP SHOULDER HARNESS USED,,VC SECTION VIOLATED - 23152 B,,S,,,B,PROCEEDING STRAIGHT,B,HBD-UNDER INFLUENCE,,,M,MALE,,,,H,HISPANIC,,,2002.0,TOYO,,,,,,,,,,,,,,
11567889,3382075,2,Pedestrian,,False,,,,,,,,,,,,,,H,NOT APPLICABLE,,,M,MALE,,,,W,WHITE,60.0,Pedestrian,,,,,,,,,,,,,,,,
11567888,3382075,1,Driver,True,False,,M,AIR BAG NOT DEPLOYED,G,OCCUPANT LAP SHOULDER HARNESS USED,,INATTENTION,OTHER,W,,,B,PROCEEDING STRAIGHT,A,HAD NOT BEEN DRINKING,,,F,FEMALE,,,CA,W,WHITE,,,2005.0,TOYO,,,,,,,,,,,,,,
11567883,3382071,3,Driver,,False,,,,,,,NONE APPARENT,,W,,,B,PROCEEDING STRAIGHT,A,HAD NOT BEEN DRINKING,,,F,FEMALE,,,CA,,,,,2015.0,LEXU,,,,,,,,,,,,,,
11567882,3382071,2,Driver,,False,,,,,,,NONE APPARENT,,W,,,B,PROCEEDING STRAIGHT,A,HAD NOT BEEN DRINKING,,,F,FEMALE,,,CA,O,OTHER,,,2005.0,VOLK,,,,,,,,,,,,,,
11567881,3382071,1,Driver,True,False,,L,AIR BAG DEPLOYED,E,OCCUPANT SHOULDER HARNESS USED,,INATTENTION,OTHER,W,,,B,PROCEEDING STRAIGHT,A,HAD NOT BEEN DRINKING,,,M,MALE,,,CA,H,HISPANIC,,,2009.0,TOYO,,,,,,,,,,,,,,
11567875,3382067,2,Driver,,False,,M,AIR BAG NOT DEPLOYED,G,OCCUPANT LAP SHOULDER HARNESS USED,HAZARDOUS MATERIAL,,,W,,,E,MAKING LEFT TURN,,,,,F,FEMALE,,,CA,W,WHITE,,,2008.0,SUBA,,,,,,,,,,,,,,
11567874,3382067,1,Driver,,False,,M,AIR BAG NOT DEPLOYED,G,OCCUPANT LAP SHOULDER HARNESS USED,HAZARDOUS MATERIAL,,,S,,,B,PROCEEDING STRAIGHT,,,,,F,FEMALE,,,CA,W,WHITE,,,2013.0,TOYO,,,,,,,,,,,,,,
11567867,3382063,2,Driver,,False,,M,AIR BAG NOT DEPLOYED,B,OCCUPANT UNKNOWN,,NONE APPARENT,,N,,,B,PROCEEDING STRAIGHT,A,HAD NOT BEEN DRINKING,,,M,MALE,,,CA,H,HISPANIC,,,2016.0,CHEV,,,,,,,,,,,,,,
11567866,3382063,1,Driver,True,False,,M,AIR BAG NOT DEPLOYED,B,OCCUPANT UNKNOWN,,VISION OBSCUREMENT,,E,,,E,MAKING LEFT TURN,A,HAD NOT BEEN DRINKING,,,F,FEMALE,,,CA,W,WHITE,,,2001.0,FORD,,,,,,,,,,,,,,
11567856,3382058,2,Driver,,False,,,,,,,NONE APPARENT,,,,,E,MAKING LEFT TURN,A,HAD NOT BEEN DRINKING,,,M,MALE,,,CA,W,WHITE,,,2010.0,HOND,,,,,,,,,,,,,,
11567855,3382058,1,Driver,True,False,,,,,,,INATTENTION,OTHER,,,,B,PROCEEDING STRAIGHT,A,HAD NOT BEEN DRINKING,,,M,MALE,,,CA,,,,,2001.0,MITS,,,,,,,,,,,,,,
11567851,3382055,1,Driver,True,False,,L,AIR BAG DEPLOYED,B,OCCUPANT UNKNOWN,,,,W,,,B,PROCEEDING STRAIGHT,A,HAD NOT BEEN DRINKING,,,M,MALE,,,CA,W,WHITE,,,2001.0,FORD,,,,,,,,,,,,,,
11567844,3382051,2,Driver,,False,,M,AIR BAG NOT DEPLOYED,G,OCCUPANT LAP SHOULDER HARNESS USED,,NONE APPARENT,,N,,,B,PROCEEDING STRAIGHT,A,HAD NOT BEEN DRINKING,,,M,MALE,,,CA,H,HISPANIC,,,2016.0,DODG,,,,,,,,,,,,,,
11567843,3382051,1,Driver,True,False,,L,AIR BAG DEPLOYED,G,OCCUPANT LAP SHOULDER HARNESS USED,,NONE APPARENT,,E,,,E,MAKING LEFT TURN,A,HAD NOT BEEN DRINKING,,,M,MALE,,,CA,,,,,2015.0,TOYO,,,,,,,,,,,,,,
11567836,3382047,2,Driver,,False,,M,AIR BAG NOT DEPLOYED,G,OCCUPANT LAP SHOULDER HARNESS USED,,,,N,,,B,PROCEEDING STRAIGHT,A,HAD NOT BEEN DRINKING,,,F,FEMALE,,,CA,O,OTHER,,,2005.0,MITS,,,,,,,,,,,,,,
11567835,3382047,1,Driver,True,False,,B,UNKNOWN,,,,,,N,,,J,CHANGING LANES,G,IMPAIRMENT_NOT_KNOWN,,,M,MALE,,,,,,,,,HOND,,,,,,,,,,,,,,
11567828,3382043,2,Driver,,False,,P,NOT REQUIRED,,,,,,S,,,B,PROCEEDING STRAIGHT,A,HAD NOT BEEN DRINKING,,,M,MALE,,,CA,W,WHITE,,,2018.0,HARL,,,,,,,,,,,,,,
11567827,3382043,1,Driver,True,False,,M,AIR BAG NOT DEPLOYED,G,OCCUPANT LAP SHOULDER HARNESS USED,,,,S,,,J,CHANGING LANES,A,HAD NOT BEEN DRINKING,,,M,MALE,,,CA,,,,,2002.0,ACUR,,,,,,,,,,,,,,
11567819,3382039,2,Driver,,False,,M,AIR BAG NOT DEPLOYED,G,OCCUPANT LAP SHOULDER HARNESS USED,CELL PHONE NOT IN USE,,,S,,,E,MAKING LEFT TURN,A,HAD NOT BEEN DRINKING,,,M,MALE,,,CA,,,,,1999.0,HOND,,,,,,,,,,,,,,
11567818,3382039,1,Driver,True,False,,M,AIR BAG NOT DEPLOYED,G,OCCUPANT LAP SHOULDER HARNESS USED,CELL PHONE NOT IN USE,,,E,,,B,PROCEEDING STRAIGHT,A,HAD NOT BEEN DRINKING,,,F,FEMALE,,,CA,,,,,2001.0,TOYO,,,,,,,,,,,,,,
11567812,3382035,2,Driver,,False,,M,AIR BAG NOT DEPLOYED,G,OCCUPANT LAP SHOULDER HARNESS USED,CELL PHONE NOT IN USE,NONE APPARENT,,N,,,B,PROCEEDING STRAIGHT,A,HAD NOT BEEN DRINKING,,,M,MALE,,,CA,H,HISPANIC,,,1999.0,TOYO,,,,,,,,,,,,,,
11567811,3382035,1,Driver,True,False,,L,AIR BAG DEPLOYED,G,OCCUPANT LAP SHOULDER HARNESS USED,CELL PHONE NOT IN USE,NONE APPARENT,,S,,,E,MAKING LEFT TURN,A,HAD NOT BEEN DRINKING,,,M,MALE,,,CA,,,,,2018.0,HOND,,,,,,,,,,,,,,
11567806,3382031,2,Driver,,False,,M,AIR BAG NOT DEPLOYED,G,OCCUPANT LAP SHOULDER HARNESS USED,,NONE APPARENT,,S,,,E,MAKING LEFT TURN,A,HAD NOT BEEN DRINKING,,,F,FEMALE,,,CA,A,ASIAN,,,2006.0,HOND,,,,,,,,,,,,,,
11567805,3382031,1,Driver,,False,,M,AIR BAG NOT DEPLOYED,G,OCCUPANT LAP SHOULDER HARNESS USED,,NONE APPARENT,,N,,,B,PROCEEDING STRAIGHT,A,HAD NOT BEEN DRINKING,,,M,MALE,,,CA,W,WHITE,,,2011.0,BMWX,,,,,,,,,,,,,,
11567798,3382027,2,Driver,,False,,M,AIR BAG NOT DEPLOYED,G,OCCUPANT LAP SHOULDER HARNESS USED,,,,N,,,A,STOPPED,A,HAD NOT BEEN DRINKING,,,M,MALE,,,CA,H,HISPANIC,,,2007.0,FORD,,,,,,,,,,,,,,
11567797,3382027,1,Driver,True,False,,M,AIR BAG NOT DEPLOYED,B,OCCUPANT UNKNOWN,,,,S,,,D,MAKING RIGHT TURN,G,IMPAIRMENT_NOT_KNOWN,,,,,,,,,,,,2004.0,ACUR,,,,,,,,,,,,,,
11567791,3382023,2,Driver,,False,,L,AIR BAG DEPLOYED,G,OCCUPANT LAP SHOULDER HARNESS USED,CELL PHONE NOT IN USE,NONE APPARENT,,E,,,B,PROCEEDING STRAIGHT,A,HAD NOT BEEN DRINKING,,,F,FEMALE,,,CA,O,OTHER,,,2012.0,HOND,,,,,,,,,,,,,,
11567790,3382023,1,Driver,True,False,,L,AIR BAG DEPLOYED,H,OCCUPANT LAP SHOULDER HARNESS NOT USED,CELL PHONE NOT IN USE,VC SECTION VIOLATED - 23153 A,,E,,,B,PROCEEDING STRAIGHT,B,HBD-UNDER INFLUENCE,,,M,MALE,,,CA,H,HISPANIC,,,1995.0,BUIC,,,,,,,,,,,,,,
11567785,3382019,2,Driver,,False,,N,OTHER,W,MOTOR BICYCLE DRIVER WITH HELMET,CELL PHONE NOT IN USE,NONE APPARENT,,N,,,B,PROCEEDING STRAIGHT,G,IMPAIRMENT_NOT_KNOWN,,,F,FEMALE,,,CA,W,WHITE,,,2015.0,HARL,,,,,,,,,,,,,,
11567784,3382019,1,Driver,True,False,,B,UNKNOWN,,,,VC SECTION VIOLATED - 20001,,E,,,L,ENTERING TRAFFICD,G,IMPAIRMENT_NOT_KNOWN,,,M,MALE,,,,H,HISPANIC,,,,TOYO,,,,,,,,,,,,,,
11567778,3382015,2,Driver,,False,,L,AIR BAG DEPLOYED,G,OCCUPANT LAP SHOULDER HARNESS USED,,,,S,,,B,PROCEEDING STRAIGHT,G,IMPAIRMENT_NOT_KNOWN,,,F,FEMALE,,,CA,,,,,2017.0,VOLK,,,,,,,,,,,,,,
11567777,3382015,1,Driver,,False,,L,AIR BAG DEPLOYED,G,OCCUPANT LAP SHOULDER HARNESS USED,,,,E,,,B,PROCEEDING STRAIGHT,A,HAD NOT BEEN DRINKING,,,M,MALE,,,CA,W,WHITE,,,2015.0,ACUR,,,,,,,,,,,,,,
11567773,3382011,2,Driver,True,False,,B,UNKNOWN,,,,NONE APPARENT,,S,,,D,MAKING RIGHT TURN,G,IMPAIRMENT_NOT_KNOWN,,,F,FEMALE,,,CA,,,1.0,PassengerCarStationWagonJeep,1996.0,TOYO,,,,,,,,,,,,,,
11567771,3382011,1,Driver,,False,,M,AIR BAG NOT DEPLOYED,G,OCCUPANT LAP SHOULDER HARNESS USED,CELL PHONE NOT IN USE,NONE APPARENT,,S,,,A,STOPPED,A,HAD NOT BEEN DRINKING,,,,,,,,,,99.0,OtherUnknownHitAndRunDriver,,,,,,,,,,,,,,,,
11567764,3382007,2,Driver,,False,,L,AIR BAG DEPLOYED,G,OCCUPANT LAP SHOULDER HARNESS USED,,NONE APPARENT,,E,,,E,MAKING LEFT TURN,H,NOT APPLICABLE,,,M,MALE,,,CA,W,WHITE,,,2003.0,HYUN,,,,,,,,,,,,,,
11567763,3382007,1,Driver,True,False,,L,AIR BAG DEPLOYED,G,OCCUPANT LAP SHOULDER HARNESS USED,,OTHER,,S,,,A,STOPPED,H,NOT APPLICABLE,,,F,FEMALE,,,CA,,,,,2012.0,HOND,,,,,,,,,,,,,,
11567622,3381935,2,ParkedVehicle,,False,,,,,,,VC SECTION VIOLATED,,,,,,,,,,,,,,,,,,,,,CHRY,,,,,,,,,,,,,,
11567621,3381935,1,Driver,True,False,,B,UNKNOWN,,,,VC SECTION VIOLATED,,,,,,,,,,,,,,,,,,,,,CADI,,,,,,,,,,,,,,
11567557,3381903,3,ParkedVehicle,,False,,,,,,,,,,,,,,,,,,,,,,,,,,,1995.0,,,,,,,,,,,,,,,
11567556,3381903,2,ParkedVehicle,,False,,,,,,,,,,,,,,,,,,,,,,,,,,,2000.0,CHEV,,,,,,,,,,,,,,
11567555,3381903,1,Driver,True,False,,L,AIR BAG DEPLOYED,G,OCCUPANT LAP SHOULDER HARNESS USED,,,,W,,,B,PROCEEDING STRAIGHT,I,SLEEPY/FATIGUED,,,F,FEMALE,,,CA,H,HISPANIC,,,2016.0,CHEV,,,,,,,,,,,,,,
11567547,3381899,3,Pedestrian,,False,,,,,,CELL PHONE NOT IN USE,,,S,,,B,PROCEEDING STRAIGHT,A,HAD NOT BEEN DRINKING,,,M,MALE,,,,,,60.0,Pedestrian,,,,,,,,,,,,,,,,
11567546,3381899,2,Pedestrian,,False,,,,,,CELL PHONE NOT IN USE,,,S,,,B,PROCEEDING STRAIGHT,A,HAD NOT BEEN DRINKING,,,F,FEMALE,,,,,,60.0,Pedestrian,,,,,,,,,,,,,,,,
11567545,3381899,1,Driver,True,False,,M,AIR BAG NOT DEPLOYED,G,OCCUPANT LAP SHOULDER HARNESS USED,CELL PHONE NOT IN USE,VISION OBSCUREMENT,,,,,E,MAKING LEFT TURN,A,HAD NOT BEEN DRINKING,,,F,FEMALE,,,CA,,,,,2004.0,HOND,,,,,,,,,,,,,,
11563396,3379881,2,Driver,,False,,,,,,,,,N,,,B,PROCEEDING STRAIGHT,,,,,M,MALE,,,CA,,,1.0,PassengerCarStationWagonJeep,2017.0,TOYO,,,,,,,,,,,,,,
11563395,3379881,1,Driver,True,False,,,,,,,,,E,,,B,PROCEEDING STRAIGHT,,,,,F,FEMALE,,,CA,W,WHITE,1.0,PassengerCarStationWagonJeep,2012.0,NISS,,,,,,,,,,,,,,
11563346,3379857,2,ParkedVehicle,,False,,,,,,,NONE APPARENT,,,,,O,PARKED,H,NOT APPLICABLE,,,,,,,,,,,,2003.0,TOYO,,,,,,,,,,,,,,
11563345,3379857,1,Driver,True,False,,M,AIR BAG NOT DEPLOYED,B,OCCUPANT UNKNOWN,,NONE APPARENT,,E,,,B,PROCEEDING STRAIGHT,A,HAD NOT BEEN DRINKING,,,M,MALE,,,,H,HISPANIC,,,2006.0,CHEV,,,,,,,,,,,,,,
11563338,3379853,2,Driver,,False,,M,AIR BAG NOT DEPLOYED,G,OCCUPANT LAP SHOULDER HARNESS USED,,,,S,,,B,PROCEEDING STRAIGHT,A,HAD NOT BEEN DRINKING,,,F,FEMALE,,,CA,H,HISPANIC,,,2012.0,HOND,,,,,,,,,,,,,,
11563337,3379853,1,Driver,True,False,,M,AIR BAG NOT DEPLOYED,G,OCCUPANT LAP SHOULDER HARNESS USED,,,,S,,,B,PROCEEDING STRAIGHT,A,HAD NOT BEEN DRINKING,,,M,MALE,,C,CA,H,HISPANIC,,,2002.0,CHEV,,,,,,,,,,,,,,
11563329,3379849,2,Driver,,False,,L,AIR BAG DEPLOYED,,,,STOP & GO TRAFFIC,,E,,,B,PROCEEDING STRAIGHT,A,HAD NOT BEEN DRINKING,,,M,MALE,,C,CA,H,HISPANIC,,,2004.0,CHEV,,,,,,,,,,,,,,
11563328,3379849,1,Driver,True,False,,L,AIR BAG DEPLOYED,,,,,,N,,,E,MAKING LEFT TURN,A,HAD NOT BEEN DRINKING,,,F,FEMALE,,C,CA,W,WHITE,,,2013.0,HOND,,,,,,,,,,,,,,
11563281,3379828,2,Pedestrian,,False,,,,,,,,,N,,,,,A,HAD NOT BEEN DRINKING,,,F,FEMALE,,,,,,60.0,Pedestrian,,,,,,,,,,,,,,,,
11563280,3379828,1,Driver,,False,,,,,,,,,E,,,G,BACKING,A,HAD NOT BEEN DRINKING,,,M,MALE,,C,CA,B,BLACK,,,2004.0,TOYO,,,,,,,,,,,,,,
11563226,3379799,2,Driver,,False,,M,AIR BAG NOT DEPLOYED,G,OCCUPANT LAP SHOULDER HARNESS USED,HAZARDOUS MATERIAL,,,N,,,B,PROCEEDING STRAIGHT,A,HAD NOT BEEN DRINKING,,,M,MALE,,C,CA,H,HISPANIC,,,2012.0,FORD,,,,,,,,,,,,,,
11563225,3379799,1,Driver,True,False,,L,AIR BAG DEPLOYED,G,OCCUPANT LAP SHOULDER HARNESS USED,HAZARDOUS MATERIAL,,,W,,,B,PROCEEDING STRAIGHT,A,HAD NOT BEEN DRINKING,,,M,MALE,,,CT,B,BLACK,,,2013.0,VOLK,,,,,,,,,,,,,,
11563217,3379796,2,Pedestrian,,False,,,,,,,,,W,,,B,PROCEEDING STRAIGHT,A,HAD NOT BEEN DRINKING,,,F,FEMALE,,,,A,ASIAN,60.0,Pedestrian,,,,,,,,,,,,,,,,
11563216,3379796,1,Bicyclist,True,False,,,,,,,,,W,,,B,PROCEEDING STRAIGHT,A,HAD NOT BEEN DRINKING,,,M,MALE,,,,H,HISPANIC,4.0,Bicycle,,,,,,,,,,,,,,,,
11563210,3379792,2,Driver,,False,,L,AIR BAG DEPLOYED,G,OCCUPANT LAP SHOULDER HARNESS USED,CELL PHONE NOT IN USE,,,S,,,E,MAKING LEFT TURN,A,HAD NOT BEEN DRINKING,,,M,MALE,,C,CA,A,ASIAN,,,2007.0,PORS,,,,,,,,,,,,,,