PartyId,CollisionId,PartyNumber,PartyType,IsAtFault,IsOnDutyEmergencyVehicle,IsHitAndRun,AirbagCode,AirbagDescription,SafetyEquipmentCode,SafetyEquipmentDescription,Special Information,Other Associate Factor,Inattention,DirectionOfTravel,StreetOrHighwayName,SpeedLimit,MovementPrecCollCode,MovementPrecCollDescription,SobrietyDrugPhysicalCode1,SobrietyDrugPhysicalDescription1,SobrietyDrugPhysicalCode2,SobrietyDrugPhysicalDescription2,GenderCode,GenderDescription,StatedAge,DriverLicenseClass,DriverLicenseStateCode,RaceCode,RaceDesc,Vehicle1TypeId, Vehicle1TypeDesc, Vehicle1Year,Vehicle1Make,Vehicle1Model,Vehicle1Color,V1IsVehicleTowed,Vehicle2TypeId, Vehicle2TypeDesc, Vehicle2Year,Vehicle2Make,Vehicle2Model,Vehicle2Color,V2IsVehicleTowed,Lane,ThruLanes,TotalLanes,IsDREConducted
11747202,3469777,1,Driver,True,False,,,,,,,NONE APPARENT,,E,,,B,PROCEEDING STRAIGHT,G,IMPAIRMENT_NOT_KNOWN,,,,,,,,,,,,,,,,,,,,,,,,,,,
11747195,3469773,2,Driver,,False,,M,AIR BAG NOT DEPLOYED,G,OCCUPANT LAP SHOULDER HARNESS USED,,NONE APPARENT,,N,,,B,PROCEEDING STRAIGHT,A,HAD NOT BEEN DRINKING,,,M,MALE,,,CA,H,HISPANIC,,,1998.0,TOYO,,,,,,,,,,,,,,
11747194,3469773,1,Driver,True,False,,M,AIR BAG NOT DEPLOYED,B,OCCUPANT UNKNOWN,,NONE APPARENT,,E,,,B,PROCEEDING STRAIGHT,G,IMPAIRMENT_NOT_KNOWN,,,M,MALE,,,CA,H,HISPANIC,,,2002.0,HYUN,,,,,,,,,,,,,,
11747187,3469769,3,Driver,,False,,M,AIR BAG NOT DEPLOYED,G,OCCUPANT LAP SHOULDER HARNESS USED,,,,E,,,A,STOPPED,A,HAD NOT BEEN DRINKING,,,M,MALE,,,CA,H,HISPANIC,,,2008.0,TOYO,,,,,,,,,,,,,,
11747186,3469769,2,Driver,,False,,M,AIR BAG NOT DEPLOYED,G,OCCUPANT LAP SHOULDER HARNESS USED,,,,E,,,A,STOPPED,A,HAD NOT BEEN DRINKING,,,M,MALE,,,,H,HISPANIC,,,2007.0,FORD,,,,,,,,,,,,,,
11747185,3469769,1,Driver,True,False,,B,UNKNOWN,,,,VC SECTION VIOLATED - 20001,,E,,,B,PROCEEDING STRAIGHT,F,IMPAIRMENT-PHYSICAL,,,,,,,,,,,,,,,,,,,,,,,,,,,
11747177,3469765,2,ParkedVehicle,,False,,,,,,,NONE APPARENT,,N,,,A,STOPPED,H,NOT APPLICABLE,,,,,,,,,,,,2018.0,,,,,,,,,,,,,,,
11747176,3469765,1,Driver,True,False,,L,AIR BAG DEPLOYED,G,OCCUPANT LAP SHOULDER HARNESS USED,,NONE APPARENT,,N,,,B,PROCEEDING STRAIGHT,A,HAD NOT BEEN DRINKING,,,M,MALE,,,CA,W,WHITE,,,2013.0,VOLK,,,,,,,,,,,,,,
11747166,3469761,2,Driver,,False,,L,AIR BAG DEPLOYED,G,OCCUPANT LAP SHOULDER HARNESS USED,,NONE APPARENT,,W,,,B,PROCEEDING STRAIGHT,A,HAD NOT BEEN DRINKING,,,F,FEMALE,,,CA,H,HISPANIC,,,2007.0,ACUR,,,,,,,,,,,,,,
11747165,3469761,1,Driver,True,False,,L,AIR BAG DEPLOYED,G,OCCUPANT LAP SHOULDER HARNESS USED,,NONE APPARENT,,S,,,B,PROCEEDING STRAIGHT,A,HAD NOT BEEN DRINKING,,,F,FEMALE,,,CA,,,,,2010.0,HOND,,,,,,,,,,,,,,
11747160,3469757,3,Driver,,False,,M,AIR BAG NOT DEPLOYED,G,OCCUPANT LAP SHOULDER HARNESS USED,,NONE APPARENT,,N,,,A,STOPPED,H,NOT APPLICABLE,,,M,MALE,,,CA,A,ASIAN,,,2011.0,HOND,,,,,,,,,,,,,,
11747159,3469757,2,Driver,,False,,M,AIR BAG NOT DEPLOYED,G,OCCUPANT LAP SHOULDER HARNESS USED,,NONE APPARENT,,N,,,A,STOPPED,H,NOT APPLICABLE,,,M,MALE,,,CA,O,OTHER,,,1996.0,TOYO,,,,,,,,,,,,,,
11747158,3469757,1,Driver,True,False,,M,AIR BAG NOT DEPLOYED,G,OCCUPANT LAP SHOULDER HARNESS USED,,VISION OBSCUREMENT,,N,,,B,PROCEEDING STRAIGHT,H,NOT APPLICABLE,,,F,FEMALE,,,CA,O,OTHER,,,2011.0,ACUR,,,,,,,,,,,,,,
11747148,3469753,2,Driver,,False,,M,AIR BAG NOT DEPLOYED,G,OCCUPANT LAP SHOULDER HARNESS USED,CELL PHONE NOT IN USE,,,E,,,A,STOPPED,A,HAD NOT BEEN DRINKING,,,M,MALE,,,CA,H,HISPANIC,,,2004.0,NISS,,,,,,,,,,,,,,
11747147,3469753,1,Bicyclist,True,False,,,,,,CELL PHONE NOT IN USE,,,N,,,A,STOPPED,A,HAD NOT BEEN DRINKING,,,M,MALE,,,,H,HISPANIC,4.0,Bicycle,,,,,,,,,,,,,,,,
11747125,3469741,4,ParkedVehicle,,False,,,,,,,,,E,,,O,PARKED,H,NOT APPLICABLE,,,,,,,,,,,,2008.0,HOND,,,,,,,,,,,,,,
11747124,3469741,3,ParkedVehicle,,False,,,,,,,,,E,,,O,PARKED,,,,,,,,,,,,,,2005.0,CHRY,,,,,,,,,,,,,,
11747123,3469741,2,ParkedVehicle,,False,,,,,,,,,E,,,O,PARKED,,,,,,,,,,,,,,2001.0,NISS,,,,,,,,,,,,,,
11747122,3469741,1,Driver,True,False,,L,AIR BAG DEPLOYED,G,OCCUPANT LAP SHOULDER HARNESS USED,CELL PHONE NOT IN USE,NONE APPARENT,,E,,,C,RAN OFF ROAD,I,SLEEPY/FATIGUED,,,M,MALE,,,CA,W,WHITE,,,2018.0,NISS,,,,,,,,,,,,,,
11747121,3469740,2,Driver,,False,,M,AIR BAG NOT DEPLOYED,G,OCCUPANT LAP SHOULDER HARNESS USED,,,,S,,,B,PROCEEDING STRAIGHT,G,IMPAIRMENT_NOT_KNOWN,,,F,FEMALE,,,CA,W,WHITE,,,1997.0,TOYO,,,,,,,,,,,,,,
11747120,3469740,1,Driver,True,False,,M,AIR BAG NOT DEPLOYED,G,OCCUPANT LAP SHOULDER HARNESS USED,,VC SECTION VIOLATED - 12500 A,,N,,,E,MAKING LEFT TURN,G,IMPAIRMENT_NOT_KNOWN,,,M,MALE,,,,H,HISPANIC,,,2000.0,CHEV,,,,,,,,,,,,,,
11747118,3469737,3,Driver,,False,,M,AIR BAG NOT DEPLOYED,B,OCCUPANT UNKNOWN,,STOP & GO TRAFFIC,,E,,,A,STOPPED,A,HAD NOT BEEN DRINKING,,,M,MALE,,,CA,H,HISPANIC,,,2017.0,CHEV,,,,,,,,,,,,,,
11747116,3469737,2,Driver,,False,,M,AIR BAG NOT DEPLOYED,B,OCCUPANT UNKNOWN,,STOP & GO TRAFFIC,,E,,,H,SLOWING/STOPPING,A,HAD NOT BEEN DRINKING,,,F,FEMALE,,,CA,W,WHITE,,,2019.0,BMWX,,,,,,,,,,,,,,
11747115,3469737,1,Driver,True,False,,M,AIR BAG NOT DEPLOYED,B,OCCUPANT UNKNOWN,,STOP & GO TRAFFIC,,E,,,B,PROCEEDING STRAIGHT,A,HAD NOT BEEN DRINKING,,,M,MALE,,,CA,O,OTHER,,,2012.0,LEXU,,,,,,,,,,,,,,
11747112,3469736,2,Bicyclist,,False,,,,,,,NONE APPARENT,,N,,,B,PROCEEDING STRAIGHT,G,IMPAIRMENT_NOT_KNOWN,,,F,FEMALE,,,,W,WHITE,4.0,Bicycle,,,,,,,,,,,,,,,,
11747111,3469736,1,Driver,,False,,B,UNKNOWN,,,,NONE APPARENT,,S,,,E,MAKING LEFT TURN,G,IMPAIRMENT_NOT_KNOWN,,,F,FEMALE,,,CA,W,WHITE,,,,VOLV,,,,,,,,,,,,,,
11747105,3469733,3,Driver,,False,,B,UNKNOWN,G,OCCUPANT LAP SHOULDER HARNESS USED,,NONE APPARENT,,N,,,A,STOPPED,A,HAD NOT BEEN DRINKING,,,F,FEMALE,,,CA,H,HISPANIC,,,2017.0,HYUN,,,,,,,,,,,,,,
11747104,3469733,2,Driver,,False,,B,UNKNOWN,G,OCCUPANT LAP SHOULDER HARNESS USED,,NONE APPARENT,,N,,,A,STOPPED,A,HAD NOT BEEN DRINKING,,,F,FEMALE,,,CA,H,HISPANIC,,,2014.0,HOND,,,,,,,,,,,,,,
11747103,3469733,1,Driver,True,False,,B,UNKNOWN,G,OCCUPANT LAP SHOULDER HARNESS USED,,,,N,,,B,PROCEEDING STRAIGHT,A,HAD NOT BEEN DRINKING,,,F,FEMALE,,,CA,B,BLACK,,,2001.0,DODG,,,,,,,,,,,,,,
11747102,3469732,2,Driver,,False,,L,AIR BAG DEPLOYED,G,OCCUPANT LAP SHOULDER HARNESS USED,CELL PHONE NOT IN USE,NONE APPARENT,,W,,,B,PROCEEDING STRAIGHT,A,HAD NOT BEEN DRINKING,,,F,FEMALE,,,CA,,,,,2012.0,HOND,,,,,,,,,,,,,,
11747101,3469732,1,Driver,True,False,,L,AIR BAG DEPLOYED,G,OCCUPANT LAP SHOULDER HARNESS USED,CELL PHONE NOT IN USE,,,S,,,B,PROCEEDING STRAIGHT,A,HAD NOT BEEN DRINKING,,,M,MALE,,,CA,O,OTHER,,,2010.0,TOYO,,,,,,,,,,,,,,
11747096,3469728,2,Driver,,False,,M,AIR BAG NOT DEPLOYED,G,OCCUPANT LAP SHOULDER HARNESS USED,CELL PHONE NOT IN USE,,,W,,,E,MAKING LEFT TURN,A,HAD NOT BEEN DRINKING,,,F,FEMALE,,C,CA,,,,,2015.0,TOYO,,,,,,,,,,,,,,
11747095,3469729,1,Driver,True,False,,L,AIR BAG DEPLOYED,B,OCCUPANT UNKNOWN,,VC SECTION VIOLATED - 23152,,S,,,M,OTHER UNSAFE TURNING,B,HBD-UNDER INFLUENCE,,,M,MALE,,,CA,H,HISPANIC,,,2007.0,DODG,,,,,,,,,,,,,,
11747094,3469728,1,Driver,True,False,,M,AIR BAG NOT DEPLOYED,G,OCCUPANT LAP SHOULDER HARNESS USED,CELL PHONE NOT IN USE,NONE APPARENT,,W,,,E,MAKING LEFT TURN,A,HAD NOT BEEN DRINKING,,,F,FEMALE,,C,CA,,,,,2018.0,TOYO,,,,,,,,,,,,,,
11747090,3469725,1,Driver,True,False,,,,,,,,,E,,,K,PARKING MANEUVER,A,HAD NOT BEEN DRINKING,,,F,FEMALE,,,CA,W,WHITE,,,2011.0,BMWX,,,,,,,,,,,,,,
11747089,3469724,2,Driver,,False,,M,AIR BAG NOT DEPLOYED,G,OCCUPANT LAP SHOULDER HARNESS USED,,,,E,,,B,PROCEEDING STRAIGHT,A,HAD NOT BEEN DRINKING,,,F,FEMALE,,,CA,W,WHITE,,,2017.0,HOND,,,,,,,,,,,,,,
11747088,3469724,1,Driver,True,False,,M,AIR BAG NOT DEPLOYED,G,OCCUPANT LAP SHOULDER HARNESS USED,,,,S,,,E,MAKING LEFT TURN,A,HAD NOT BEEN DRINKING,,,F,FEMALE,,,CA,H,HISPANIC,,,2006.0,HOND,,,,,,,,,,,,,,
11747083,3469721,2,Driver,,False,,M,AIR BAG NOT DEPLOYED,G,OCCUPANT LAP SHOULDER HARNESS USED,CELL PHONE NOT IN USE,NONE APPARENT,,W,,,A,STOPPED,A,HAD NOT BEEN DRINKING,,,M,MALE,,,CA,H,HISPANIC,,,2011.0,HOND,,,,,,,,,,,,,,
11747082,3469721,1,Driver,,False,,N,OTHER,B,OCCUPANT UNKNOWN,,VC SECTION VIOLATED - 22350 / INATTENTION,OTHER,W,,,B,PROCEEDING STRAIGHT,G,IMPAIRMENT_NOT_KNOWN,,,F,FEMALE,,,,,,,,,CHEV,,,,,,,,,,,,,,
11747081,3469720,2,Driver,,False,,M,AIR BAG NOT DEPLOYED,G,OCCUPANT LAP SHOULDER HARNESS USED,CELL PHONE NOT IN USE,NONE APPARENT,,N,,,B,PROCEEDING STRAIGHT,A,HAD NOT BEEN DRINKING,,,F,FEMALE,,,CA,W,WHITE,,,1990.0,HOND,,,,,,,,,,,,,,
11747080,3469720,1,Driver,True,False,,L,AIR BAG DEPLOYED,G,OCCUPANT LAP SHOULDER HARNESS USED,,VISION OBSCUREMENT,,N,,,F,MAKING U TURN,A,HAD NOT BEEN DRINKING,,,F,FEMALE,,,CA,H,HISPANIC,,,2016.0,TOYO,,,,,,,,,,,,,,
11746929,3469645,2,Driver,,False,,L,AIR BAG DEPLOYED,G,OCCUPANT LAP SHOULDER HARNESS USED,,NONE APPARENT,,N,,,B,PROCEEDING STRAIGHT,G,IMPAIRMENT_NOT_KNOWN,,,F,FEMALE,,,CA,W,WHITE,,,2013.0,FORD,,,,,,,,,,,,,,
11746928,3469645,1,Driver,True,False,,M,AIR BAG NOT DEPLOYED,B,OCCUPANT UNKNOWN,,INATTENTION,OTHER,W,,,B,PROCEEDING STRAIGHT,G,IMPAIRMENT_NOT_KNOWN,,,F,FEMALE,,,CA,A,ASIAN,,,2002.0,TOYO,,,,,,,,,,,,,,
11746862,3469610,2,Driver,,False,,,,,,CELL PHONE NOT IN USE,NONE APPARENT,,S,,,A,STOPPED,A,HAD NOT BEEN DRINKING,,,F,FEMALE,,,CA,O,OTHER,,,2016.0,BMWX,,,,,,,,,,,,,,
11746861,3469610,1,Driver,True,False,,,,,,,,,S,,,B,PROCEEDING STRAIGHT,G,IMPAIRMENT_NOT_KNOWN,,,,,,,,,,,,2015.0,HOND,,,,,,,,,,,,,,
11746479,3469415,2,ParkedVehicle,,False,,,,,,,,,,,,O,PARKED,,,,,,,,,,,,,,2014.0,HOND,,,,,,,,,,,,,,
11746478,3469415,1,Driver,True,False,,M,AIR BAG NOT DEPLOYED,W,MOTOR BICYCLE DRIVER WITH HELMET,,OTHER,,N,,,B,PROCEEDING STRAIGHT,A,HAD NOT BEEN DRINKING,,,F,FEMALE,,,CA,H,HISPANIC,,,2018.0,ALFR,,,,,,,,,,,,,,
11745994,3469169,2,Driver,,False,,,,,,,NONE APPARENT,,,,,B,PROCEEDING STRAIGHT,A,HAD NOT BEEN DRINKING,,,M,MALE,,,,O,OTHER,,,2015.0,VOLK,,,,,,,,,,,,,,
11745993,3469169,1,Bicyclist,,False,,,,,,,NONE APPARENT,,,,,D,MAKING RIGHT TURN,A,HAD NOT BEEN DRINKING,,,M,MALE,,,,W,WHITE,4.0,Bicycle,,,,,,,,,,,,,,,,
11745984,3469164,2,Driver,,False,,M,AIR BAG NOT DEPLOYED,G,OCCUPANT LAP SHOULDER HARNESS USED,CELL PHONE NOT IN USE,NONE APPARENT,,W,,,B,PROCEEDING STRAIGHT,A,HAD NOT BEEN DRINKING,,,M,MALE,,,CA,A,ASIAN,,,2014.0,TOYO,,,,,,,,,,,,,,
11745983,3469164,1,Bicyclist,,False,,,,,,CELL PHONE NOT IN USE,NONE APPARENT,,E,,,E,MAKING LEFT TURN,A,HAD NOT BEEN DRINKING,,,F,FEMALE,,,,,,4.0,Bicycle,,,,,,,,,,,,,,,,
11745982,3469163,4,Driver,,False,,M,AIR BAG NOT DEPLOYED,G,OCCUPANT LAP SHOULDER HARNESS USED,,,,N,,,B,PROCEEDING STRAIGHT,A,HAD NOT BEEN DRINKING,,,F,FEMALE,,,CA,H,HISPANIC,,,2014.0,FORD,,,,,,,,,,,,,,
11745981,3469163,3,Driver,,False,,M,AIR BAG NOT DEPLOYED,G,OCCUPANT LAP SHOULDER HARNESS USED,,,,N,,,A,STOPPED,A,HAD NOT BEEN DRINKING,,,F,FEMALE,,,CA,A,ASIAN,,,2004.0,HOND,,,,,,,,,,,,,,
11745980,3469163,2,Driver,,False,,M,AIR BAG NOT DEPLOYED,G,OCCUPANT LAP SHOULDER HARNESS USED,,,,S,,,B,PROCEEDING STRAIGHT,A,HAD NOT BEEN DRINKING,,,F,FEMALE,,,CA,H,HISPANIC,,,2013.0,FORD,,,,,,,,,,,,,,
11745979,3469163,1,Driver,True,False,,P,NOT REQUIRED,A,OCCUPANT NONE IN VEHICLE,,,,S,,,B,PROCEEDING STRAIGHT,A,HAD NOT BEEN DRINKING,,,M,MALE,,,CA,H,HISPANIC,,,2012.0,YAMA,,,,,,,,,,,,,,
11745579,3468961,2,ParkedVehicle,,False,,,,,,,VC SECTION VIOLATED - 22500,,W,,,O,PARKED,,,,,,,,,,,,,,2008.0,HOND,,,,,,,,,,,,,,
11745578,3468961,1,Driver,True,False,,M,AIR BAG NOT DEPLOYED,G,OCCUPANT LAP SHOULDER HARNESS USED,,OTHER,,E,,,B,PROCEEDING STRAIGHT,A,HAD NOT BEEN DRINKING,,,M,MALE,,,CA,,,,,2007.0,TOYO,,,,,,,,,,,,,,
11745570,3468957,3,Driver,,False,,M,AIR BAG NOT DEPLOYED,G,OCCUPANT LAP SHOULDER HARNESS USED,,NONE APPARENT,,N,,,B,PROCEEDING STRAIGHT,A,HAD NOT BEEN DRINKING,,,M,MALE,,,CA,,,,,2010.0,CHEV,,,,,,,,,,,,,,
11745569,3468957,2,Driver,,False,,M,AIR BAG NOT DEPLOYED,G,OCCUPANT LAP SHOULDER HARNESS USED,,NONE APPARENT,,N,,,B,PROCEEDING STRAIGHT,A,HAD NOT BEEN DRINKING,,,F,FEMALE,,,CA,H,HISPANIC,,,2003.0,TOYO,,,,,,,,,,,,,,
11745568,3468957,1,Driver,True,False,,L,AIR BAG DEPLOYED,G,OCCUPANT LAP SHOULDER HARNESS USED,,VC SECTION VIOLATED - 20001 / NONE APPARENT,,N,,,B,PROCEEDING STRAIGHT,H,NOT APPLICABLE,,,,,,,,,,,,2007.0,CADI,,,,,,,,,,,,,,
11745469,3468910,2,Driver,,False,,M,AIR BAG NOT DEPLOYED,G,OCCUPANT LAP SHOULDER HARNESS USED,CELL PHONE NOT IN USE,OTHER,,E,,,A,STOPPED,A,HAD NOT BEEN DRINKING,,,F,FEMALE,,,CA,H,HISPANIC,,,2007.0,MAZD,,,,,,,,,,,,,,
11745468,3468910,1,Driver,True,False,,,,,,,,,E,,,B,PROCEEDING STRAIGHT,G,IMPAIRMENT_NOT_KNOWN,,,,,,,,,,,,1997.0,DODG,,,,,,,,,,,,,,
11745365,3468857,2,Driver,,False,,,,,,,NONE APPARENT,,W,,,B,PROCEEDING STRAIGHT,A,HAD NOT BEEN DRINKING,,,M,MALE,,,CA,O,OTHER,,,2018.0,TOYO,,,,,,,,,,,,,,
11745364,3468857,1,Driver,True,False,,M,AIR BAG NOT DEPLOYED,G,OCCUPANT LAP SHOULDER HARNESS USED,,NONE APPARENT,,W,,,F,MAKING U TURN,A,HAD NOT BEEN DRINKING,,,F,FEMALE,,,CA,A,ASIAN,,,2008.0,TOYO,,,,,,,,,,,,,,
11745358,3468853,2,Driver,,False,,M,AIR BAG NOT DEPLOYED,G,OCCUPANT LAP SHOULDER HARNESS USED,,NONE APPARENT,,N,,,B,PROCEEDING STRAIGHT,A,HAD NOT BEEN DRINKING,,,M,MALE,,,CA,A,ASIAN,,,1991.0,HOND,,,,,,,,,,,,,,
11745357,3468853,1,Driver,True,False,,M,AIR BAG NOT DEPLOYED,G,OCCUPANT LAP SHOULDER HARNESS USED,,NONE APPARENT,,W,,,E,MAKING LEFT TURN,A,HAD NOT BEEN DRINKING,,,M,MALE,,,CA,A,ASIAN,,,2005.0,LEXU,,,,,,,,,,,,,,
11745019,3468678,1,Driver,True,False,,,,,,,NONE APPARENT,,S,,,B,PROCEEDING STRAIGHT,A,HAD NOT BEEN DRINKING,,,M,MALE,,,CA,H,HISPANIC,,,2013.0,YAMA,,,,,,,,,,,,,,
11745013,3468674,2,Driver,,False,,L,AIR BAG DEPLOYED,G,OCCUPANT LAP SHOULDER HARNESS USED,CELL PHONE NOT IN USE,,,S,,,B,PROCEEDING STRAIGHT,A,HAD NOT BEEN DRINKING,,,M,MALE,,,,H,HISPANIC,,,2006.0,TOYO,,,,,,,,,,,,,,
11745012,3468674,1,Driver,True,False,,L,AIR BAG DEPLOYED,G,OCCUPANT LAP SHOULDER HARNESS USED,CELL PHONE NOT IN USE,,,E,,,E,MAKING LEFT TURN,A,HAD NOT BEEN DRINKING,,,F,FEMALE,,,CA,W,WHITE,,,2012.0,HOND,,,,,,,,,,,,,,
11745004,3468669,2,Driver,,False,,M,AIR BAG NOT DEPLOYED,G,OCCUPANT LAP SHOULDER HARNESS USED,,,,S,,,A,STOPPED,A,HAD NOT BEEN DRINKING,,,M,MALE,,,CA,H,HISPANIC,,,1992.0,FORD,,,,,,,,,,,,,,
11745003,3468669,1,Driver,True,False,,M,AIR BAG NOT DEPLOYED,G,OCCUPANT LAP SHOULDER HARNESS USED,,,,S,,,B,PROCEEDING STRAIGHT,A,HAD NOT BEEN DRINKING,,,F,FEMALE,,,CA,H,HISPANIC,,,2016.0,CHEV,,,,,,,,,,,,,,
11743124,3467773,2,Bicyclist,,False,,,,,,,,,E,,,B,PROCEEDING STRAIGHT,A,HAD NOT BEEN DRINKING,,,F,FEMALE,,,,A,ASIAN,4.0,Bicycle,,,,,,,,,,,,,,,,
11743123,3467773,1,Driver,True,False,,,,,,,VC SECTION VIOLATED - 22350 / INATTENTION,OTHER,S,,,E,MAKING LEFT TURN,G,IMPAIRMENT_NOT_KNOWN,,,,,,,,,,,,,,,,,,,,,,,,,,,
11743109,3467764,2,Driver,,False,,L,AIR BAG DEPLOYED,G,OCCUPANT LAP SHOULDER HARNESS USED,,,,S,,,B,PROCEEDING STRAIGHT,A,HAD NOT BEEN DRINKING,,,M,MALE,,,CA,,,,,2015.0,HOND,,,,,,,,,,,,,,
11743108,3467764,1,Driver,True,False,,L,AIR BAG DEPLOYED,G,OCCUPANT LAP SHOULDER HARNESS USED,,INATTENTION,OTHER,E,,,E,MAKING LEFT TURN,A,HAD NOT BEEN DRINKING,,,M,MALE,,,CA,H,HISPANIC,,,2014.0,BMWX,,,,,,,,,,,,,,
11743100,3467760,2,Driver,,False,,M,AIR BAG NOT DEPLOYED,C,OCCUPANT LAP BELT USED,,NONE APPARENT,,W,,,B,PROCEEDING STRAIGHT,A,HAD NOT BEEN DRINKING,,,M,MALE,,,CA,W,WHITE,,,2010.0,TOYO,,,,,,,,,,,,,,
11743099,3467760,1,Driver,True,False,,M,AIR BAG NOT DEPLOYED,C,OCCUPANT LAP BELT USED,,INATTENTION,OTHER,N,,,E,MAKING LEFT TURN,A,HAD NOT BEEN DRINKING,,,F,FEMALE,,,CA,A,ASIAN,,,2018.0,LEXU,,,,,,,,,,,,,,
11743094,3467757,2,Driver,,False,,M,AIR BAG NOT DEPLOYED,G,OCCUPANT LAP SHOULDER HARNESS USED,,ENTERING OR LEAVING RAMP,,S,,,A,STOPPED,A,HAD NOT BEEN DRINKING,,,M,MALE,,,CA,W,WHITE,,,2016.0,FORD,,,,,,,,,,,,,,
11743093,3467757,1,Driver,True,False,,M,AIR BAG NOT DEPLOYED,G,OCCUPANT LAP SHOULDER HARNESS USED,,ENTERING OR LEAVING RAMP,,S,,,B,PROCEEDING STRAIGHT,A,HAD NOT BEEN DRINKING,,,M,MALE,,,CA,B,BLACK,,,2005.0,BMWX,,,,,,,,,,,,,,
11743085,3467752,3,Driver,,False,,M,AIR BAG NOT DEPLOYED,G,OCCUPANT LAP SHOULDER HARNESS USED,,,,E,,,A,STOPPED,A,HAD NOT BEEN DRINKING,,,M,MALE,,,CA,W,WHITE,,,2008.0,MAZD,,,,,,,,,,,,,,
11743084,3467752,2,Driver,,False,,M,AIR BAG NOT DEPLOYED,G,OCCUPANT LAP SHOULDER HARNESS USED,,,,E,,,B,PROCEEDING STRAIGHT,A,HAD NOT BEEN DRINKING,,,F,FEMALE,,,CA,H,HISPANIC,,,2016.0,CHRY,,,,,,,,,,,,,,
11743083,3467752,1,Driver,True,False,,M,AIR BAG NOT DEPLOYED,G,OCCUPANT LAP SHOULDER HARNESS USED,,,,E,,,D,MAKING RIGHT TURN,A,HAD NOT BEEN DRINKING,,,F,FEMALE,,,CA,W,WHITE,,,2013.0,MERB,,,,,,,,,,,,,,
11743077,3467749,2,Driver,,False,,L,AIR BAG DEPLOYED,C,OCCUPANT LAP BELT USED,CELL PHONE NOT IN USE,,,N,,,A,STOPPED,A,HAD NOT BEEN DRINKING,,,F,FEMALE,,,CA,,,,,2017.0,CHEV,,,,,,,,,,,,,,
11743076,3467749,1,Driver,True,False,,L,AIR BAG DEPLOYED,C,OCCUPANT LAP BELT USED,CELL PHONE NOT IN USE,,,N,,,B,PROCEEDING STRAIGHT,A,HAD NOT BEEN DRINKING,,,M,MALE,,,CA,W,WHITE,,,2018.0,TOYO,,,,,,,,,,,,,,
11743060,3467742,2,Driver,,False,,,,,,,,,N,,,B,PROCEEDING STRAIGHT,A,HAD NOT BEEN DRINKING,,,M,MALE,,,CA,B,BLACK,,,2011.0,DUCA,,,,,,,,,,,,,,
11743059,3467742,1,Driver,True,False,,,,,,,,,E,,,B,PROCEEDING STRAIGHT,A,HAD NOT BEEN DRINKING,,,F,FEMALE,,,CA,H,HISPANIC,,,2011.0,FORD,,,,,,,,,,,,,,
11743058,3467741,2,Pedestrian,,False,,,,,,,NONE APPARENT,,E,,,B,PROCEEDING STRAIGHT,A,HAD NOT BEEN DRINKING,,,M,MALE,,,,W,WHITE,60.0,Pedestrian,,,,,,,,,,,,,,,,
11743057,3467741,1,Driver,True,False,,M,AIR BAG NOT DEPLOYED,B,OCCUPANT UNKNOWN,,NONE APPARENT,,S,,,D,MAKING RIGHT TURN,A,HAD NOT BEEN DRINKING,,,M,MALE,,,CA,W,WHITE,,,2008.0,CHEV,,,,,,,,,,,,,,
11743054,3467739,2,Driver,,False,,,,,,,,,N,,,A,STOPPED,A,HAD NOT BEEN DRINKING,,,F,FEMALE,,,CA,H,HISPANIC,,,2012.0,NISS,,,,,,,,,,,,,,
11743053,3467739,1,Driver,True,False,,,,,,,,,N,,,B,PROCEEDING STRAIGHT,A,HAD NOT BEEN DRINKING,,,M,MALE,,,CA,H,HISPANIC,,,,TOYO,,,,,,,,,,,,,,
11743052,3467738,2,Driver,,False,,P,NOT REQUIRED,C,OCCUPANT LAP BELT USED,,NONE APPARENT,,S,,,A,STOPPED,A,HAD NOT BEEN DRINKING,,,M,MALE,,,CA,H,HISPANIC,,,2006.0,CHEV,,,,,,,,,,,,,,
11743051,3467738,1,Driver,True,False,,L,AIR BAG DEPLOYED,C,OCCUPANT LAP BELT USED,,NONE APPARENT,,S,,,B,PROCEEDING STRAIGHT,A,HAD NOT BEEN DRINKING,,,F,FEMALE,,,CA,H,HISPANIC,,,2006.0,VOLV,,,,,,,,,,,,,,
11743050,3467737,2,ParkedVehicle,,False,,,,,,,,,,,,,,,,,,,,,,,,,,,2015.0,HOND,,,,,,,,,,,,,,
11743049,3467737,1,Driver,True,False,,M,AIR BAG NOT DEPLOYED,,,,,,N,,,O,PARKED,,,,,M,MALE,,,CA,W,WHITE,,,2018.0,TOYO,,,,,,,,,,,,,,
11743046,3467735,2,Driver,,False,,L,AIR BAG DEPLOYED,G,OCCUPANT LAP SHOULDER HARNESS USED,,,,N,,,B,PROCEEDING STRAIGHT,A,HAD NOT BEEN DRINKING,,,F,FEMALE,,,CA,B,BLACK,,,1998.0,NISS,,,,,,,,,,,,,,
11743045,3467735,1,Driver,True,False,,M,AIR BAG NOT DEPLOYED,G,OCCUPANT LAP SHOULDER HARNESS USED,,,,S,,,E,MAKING LEFT TURN,A,HAD NOT BEEN DRINKING,,,M,MALE,,,CA,W,WHITE,,,2014.0,NISS,,,,,,,,,,,,,,
11743044,3467734,2,Bicyclist,,False,,,,,,,NONE APPARENT,,N,,,B,PROCEEDING STRAIGHT,A,HAD NOT BEEN DRINKING,,,M,MALE,,,,A,ASIAN,4.0,Bicycle,,,,,,,,,,,,,,,,
11743043,3467734,1,Driver,True,False,,M,AIR BAG NOT DEPLOYED,C,OCCUPANT LAP BELT USED,,NONE APPARENT,,W,,,D,MAKING RIGHT TURN,A,HAD NOT BEEN DRINKING,,,M,MALE,,,CA,H,HISPANIC,,,2008.0,CHRY,,,,,,,,,,,,,,
11743039,3467731,2,Driver,,False,,L,AIR BAG DEPLOYED,G,OCCUPANT LAP SHOULDER HARNESS USED,,PREVIOUS COLLISION,,W,,,B,PROCEEDING STRAIGHT,A,HAD NOT BEEN DRINKING,,,M,MALE,,,CA,,,,,2018.0,TESL,,,,,,,,,,,,,,
11743038,3467731,1,Driver,True,False,,L,AIR BAG DEPLOYED,G,OCCUPANT LAP SHOULDER HARNESS USED,,VISION OBSCUREMENT,,N,,,E,MAKING LEFT TURN,A,HAD NOT BEEN DRINKING,,,F,FEMALE,,,CA,W,WHITE,,,2010.0,TOYO,,,,,,,,,,,,,,